codec,block_size,scope,blocks,raw_bytes,compressed_total_bytes,compression_ratio,space_saving,bit_exact_blocks
ans_byte_lane,65536,complete_persistent_state,4888,320339968,238504940,1.3431167002243225,0.2554630585466001,4888
ans_byte_lane,65536,convolution,24,1572864,1126820,1.3958431692728208,0.2835871378580729,24
ans_byte_lane,65536,key,2048,134217728,95525244,1.4050498316445024,0.28828147053718567,2048
ans_byte_lane,65536,kv_only,4096,268435456,191163356,1.4042202523374825,0.28786100447177887,4096
ans_byte_lane,65536,recurrent,768,50331648,46214764,1.0890815757492562,0.08179513613382972,768
ans_byte_lane,65536,value,2048,134217728,95638112,1.4033916520643988,0.28744053840637207,2048
ans_byte_lane,262144,complete_persistent_state,1240,320339968,228127512,1.4042145341943675,0.2878581045497264,1240
ans_byte_lane,262144,convolution,24,1572864,1126844,1.3958134400147668,0.2835718790690104,24
ans_byte_lane,262144,key,512,134217728,91563820,1.4658380133113713,0.31779637932777405,512
ans_byte_lane,262144,kv_only,1024,268435456,183238260,1.4649530944028828,0.3173842877149582,1024
ans_byte_lane,262144,recurrent,192,50331648,43762408,1.1501114838104887,0.13051907221476233,192
ans_byte_lane,262144,value,512,134217728,91674440,1.4640692432918052,0.31697219610214233,512
ans_raw,65536,complete_persistent_state,4888,320339968,265519188,1.206466359033909,0.1711331256672911,4888
ans_raw,65536,convolution,24,1572864,1273140,1.2354210848767615,0.19055938720703125,24
ans_raw,65536,key,2048,134217728,108069948,1.24195236958937,0.19481614232063293,2048
ans_raw,65536,kv_only,4096,268435456,216260384,1.2412604242855687,0.19436728954315186,4096
ans_raw,65536,recurrent,768,50331648,47985664,1.0488892682614541,0.04661051432291663,768
ans_raw,65536,value,2048,134217728,108190436,1.2405692495776615,0.19391843676567078,2048
ans_raw,262144,complete_persistent_state,1240,320339968,260389748,1.23023264341421,0.18714561399968677,1240
ans_raw,262144,convolution,24,1572864,1273164,1.2353977963561646,0.19054412841796875,24
ans_raw,262144,key,512,134217728,105832568,1.2682081757668395,0.21148592233657837,512
ans_raw,262144,kv_only,1024,268435456,211783616,1.2674986907391363,0.2110445499420166,1024
ans_raw,262144,recurrent,192,50331648,47332968,1.0633528833433814,0.05957841873168945,192
ans_raw,262144,value,512,134217728,105951048,1.2667899990946763,0.21060317754745483,512
zstd,65536,complete_persistent_state,4888,320339968,261817710,1.223522916001366,0.18268796855221014,4888
zstd,65536,convolution,24,1572864,1254659,1.2536187123353835,0.20230929056803382,24
zstd,65536,key,2048,134217728,106419684,1.2612114879048129,0.20711156725883484,2048
zstd,65536,kv_only,4096,268435456,213068653,1.259854287434764,0.206257414072752,4096
zstd,65536,recurrent,768,50331648,47494398,1.0597386243320739,0.056371092796325684,768
zstd,65536,value,2048,134217728,106648969,1.2585000048148614,0.20540326088666916,2048
zstd,262144,complete_persistent_state,1240,320339968,260284393,1.2307306031983254,0.18747449896729718,1240
zstd,262144,convolution,24,1572864,1254683,1.2535947326934374,0.20229403177897132,24
zstd,262144,key,512,134217728,105754391,1.2691456754736548,0.21206838637590408,512
zstd,262144,kv_only,1024,268435456,211729185,1.2678245372738766,0.21124732121825218,1024
zstd,262144,recurrent,192,50331648,47300525,1.0640822274171375,0.06022300322850549,192
zstd,262144,value,512,134217728,105974794,1.266506146735232,0.21042625606060028,512
