format,scope,codec,block_tokens,units,raw_bytes,payload_bytes,table_bytes,header_bytes,compressed_total_bytes,entropy_lane_bytes,entropy_raw_bytes,compression_ratio,payload_only_ratio,order0_entropy_ratio,space_saving
bf16,key,ans_lane,16,292608,9588178944,6521129876,299630592,7900416,6828660884,6512423168.314908,7556554323.086213,1.404108229545522,1.4703247943715698,1.4722905278406448,0.28780418848219613
bf16,key,ans_lane,256,18468,9588178944,6526282252,18911232,498636,6545692120,6519880622.131451,7563399592.674692,1.4648075051840355,1.4691640008462201,1.4706065186919748,0.31731644160687034
bf16,key,ans_lane,64,73152,9588178944,6525037156,74907648,1975104,6601919908,6518164039.188237,7561839198.457619,1.4523319091437847,1.4694443441112568,1.4709938084335321,0.31145215931422654
bf16,key,ans_lane_shared,16,292608,9588178944,6529886732,0,7900416,6537787148,6512423168.314908,7556554323.086213,1.4665786338628595,1.4683530262497055,1.4722905278406448,0.31814089138468216
bf16,key,ans_lane_shared,256,18468,9588178944,6527621432,0,498636,6528120068,6519880622.131451,7563399592.674692,1.4687503973770355,1.4688625931945742,1.4706065186919748,0.31914912037753473
bf16,key,ans_lane_shared,64,73152,9588178944,6528071220,0,1975104,6530046324,6518164039.188237,7561839198.457619,1.4683171402261557,1.4687613876859633,1.4709938084335321,0.3189482213318191
bf16,key,ans_raw,64,73152,9588178944,7562225936,37453824,1389888,7601069648,6518164039.188237,7561839198.457619,1.2614249556998665,1.267904321445283,1.4709938084335321,0.20724574578820043
bf16,key,zstd,64,73152,9588178944,7569438831,0,1389888,7570828719,6518164039.188237,7561839198.457619,1.2664635933365118,1.2666961393138445,1.4709938084335321,0.21039972624440828
bf16,kv_only,ans_lane,16,585216,19176357888,12952005016,599261184,15800832,13567067032,12934556391.913427,15041780233.414112,1.4134490411796177,1.480570603880316,1.4825678830384081,0.29251075145557903
bf16,kv_only,ans_lane,256,36936,19176357888,12963471392,37822464,997272,13002291128,12950649293.827734,15056547490.60184,1.474844525416321,1.4792610179889074,1.4807255955220278,0.32196242873958614
bf16,kv_only,ans_lane,64,146304,19176357888,12960465180,149815296,3950208,13114230684,12946688388.79078,15052945681.596292,1.4622556480873934,1.47960413624598,1.4811786081607448,0.3161250556234926
bf16,kv_only,ans_lane_shared,16,585216,19176357888,12970561980,0,15800832,12986362812,12934556391.913427,15041780233.414112,1.4766534837822456,1.4784523536889957,1.4825678830384081,0.32279305132668157
bf16,kv_only,ans_lane_shared,256,36936,19176357888,12966035552,0,997272,12967032824,12950649293.827734,15056547490.60184,1.4788547347938756,1.478968479694016,1.4807255955220278,0.32380106275997345
bf16,kv_only,ans_lane_shared,64,146304,19176357888,12966936448,0,3950208,12970886656,12946688388.79078,15052945681.596292,1.478415346350244,1.4788657262955687,1.4811786081607448,0.3236000948794975
bf16,kv_only,ans_raw,64,146304,19176357888,15053714240,74907648,2779776,15131401664,12946688388.79078,15052945681.596292,1.267321978083735,1.273862223121355,1.4811786081607448,0.2109345396881237
bf16,kv_only,zstd,64,146304,19176357888,15029726248,0,2779776,15032506024,12946688388.79078,15052945681.596292,1.27565941815584,1.2758953537528197,1.4811786081607448,0.2160917045980405
bf16,value,ans_lane,16,292608,9588178944,6430875140,299630592,7900416,6738406148,6422133223.598517,7485225910.327896,1.4229149643711858,1.490960209188574,1.4929897294512136,0.29721731442896193
bf16,value,ans_lane,256,18468,9588178944,6437189140,18911232,498636,6456599008,6430768671.696286,7493147897.927144,1.4850200441625443,1.4894977816357902,1.4909848936411614,0.3266084158723018
bf16,value,ans_lane,64,73152,9588178944,6435428024,74907648,1975104,6512310776,6428524349.602544,7491106483.138677,1.4723159372761483,1.4899053968504148,1.4915054252836124,0.3207979519327586
bf16,value,ans_lane_shared,16,292608,9588178944,6440675248,0,7900416,6448575664,6422133223.598517,7485225910.327896,1.4868677121255223,1.4886915695644465,1.4929897294512136,0.3274452112686811
bf16,value,ans_lane_shared,256,18468,9588178944,6438414120,0,498636,6438912756,6430768671.696286,7493147897.927144,1.4890990618044027,1.489214388092203,1.4909848936411614,0.32845300514241216
bf16,value,ans_lane_shared,64,73152,9588178944,6438865228,0,1975104,6440840332,6428524349.602544,7491106483.138677,1.4886534131832287,1.4891100534772679,1.4915054252836124,0.32825196842717586
bf16,value,ans_raw,64,73152,9588178944,7491488304,37453824,1389888,7530332016,6428524349.602544,7491106483.138677,1.2732743952892926,1.2798763816904706,1.4915054252836124,0.21462333358804697
bf16,value,zstd,64,73152,9588178944,7460287417,0,1389888,7461677305,6428524349.602544,7491106483.138677,1.2849897619634463,1.2852291618351197,1.4915054252836124,0.22178368295167272
fp8_e4m3_sat,key,ans_lane,16,292608,4794089472,4071992352,149815296,5559552,4227367200,4068773302.0432725,4068773302.0432725,1.134060337128982,1.1773326316895794,1.1782640899635488,0.1182127023932189
fp8_e4m3_sat,key,ans_lane,256,18468,4794089472,4076536796,9455616,350892,4086343304,4074497043.3727255,4074497043.3727255,1.1731979217965383,1.1760201641511199,1.1766088969920128,0.14762890265891138
fp8_e4m3_sat,key,ans_lane,64,73152,4794089472,4075210156,37453824,1389888,4114053868,4072919198.0670023,4072919198.0670023,1.165295746195611,1.176403004625806,1.1770647142411426,0.14184875104475314
fp8_e4m3_sat,key,ans_lane_shared,16,292608,4794089472,4080239236,0,5559552,4085798788,4068773302.0432725,4068773302.0432725,1.1733542743417154,1.1749530345430952,1.1782640899635488,0.14774248335096574
fp8_e4m3_sat,key,ans_lane_shared,256,18468,4794089472,4079146300,0,350892,4079497192,4074497043.3727255,4074497043.3727255,1.1751667537365473,1.175267842685613,1.1766088969920128,0.14905693441342593
fp8_e4m3_sat,key,ans_lane_shared,64,73152,4794089472,4079363956,0,1389888,4080753844,4072919198.0670023,4072919198.0670023,1.1748048657844994,1.1752051358273068,1.1770647142411426,0.1487948091428528
fp8_e4m3_sat,key,zstd,64,73152,4794089472,4078959071,0,1389888,4080348959,4072919198.0670023,4072919198.0670023,1.1749214393601575,1.1753217888564589,1.1770647142411426,0.14887926417907282
fp8_e4m3_sat,kv_only,ans_lane,16,585216,9588178944,7956338728,299630592,11119104,8267088424,7948826000.387645,7948826000.387645,1.1598011841950029,1.2050993895291584,1.2062383732556743,0.1377832566242101
fp8_e4m3_sat,kv_only,ans_lane,256,36936,9588178944,7965696088,18911232,701784,7985309104,7960582397.264607,7960582397.264607,1.200727338055967,1.203683750682405,1.2044569687884472,0.1671714565781054
fp8_e4m3_sat,kv_only,ans_lane,64,146304,9588178944,7962754564,74907648,2779776,8040441988,7957115438.469522,7957115438.469522,1.1924940144223326,1.2041284039255238,1.2049817572891965,0.16142136739829294
fp8_e4m3_sat,kv_only,ans_lane_shared,16,585216,9588178944,7971716544,0,11119104,7982835648,7948826000.387645,7948826000.387645,1.2010993795672342,1.2027746961495573,1.2062383732556743,0.16742942589787357
fp8_e4m3_sat,kv_only,ans_lane_shared,256,36936,9588178944,7969526492,0,701784,7970228276,7960582397.264607,7960582397.264607,1.202999288348112,1.2031052225781347,1.2044569687884472,0.1687443129138162
fp8_e4m3_sat,kv_only,ans_lane_shared,64,146304,9588178944,7969962740,0,2779776,7972742516,7957115438.469522,7957115438.469522,1.2026199171437033,1.2030393687888181,1.2049817572891965,0.16848209002303738
fp8_e4m3_sat,kv_only,zstd,64,146304,9588178944,7961766800,0,2779776,7964546576,7957115438.469522,7957115438.469522,1.203857476694603,1.2042777922106436,1.2049817572891965,0.1693368863350242
fp8_e4m3_sat,value,ans_lane,16,292608,4794089472,3884346376,149815296,5559552,4039721224,3880052698.3443694,3880052698.3443694,1.186737699502207,1.2342075108494392,1.2355732884879767,0.15735381085520128
fp8_e4m3_sat,value,ans_lane,256,18468,4794089472,3889159292,9455616,350892,3898965800,3886085353.891881,3886085353.891881,1.2295797701021127,1.2326801532304015,1.2336552173767261,0.1867140104972993
fp8_e4m3_sat,value,ans_lane,64,73152,4794089472,3887544408,37453824,1389888,3926388120,3884196240.4025197,3884196240.4025197,1.220992251779735,1.2331922079486635,1.2342552165961593,0.18099398375183262
fp8_e4m3_sat,value,ans_lane_shared,16,292608,4794089472,3891477308,0,5559552,3897036860,3880052698.3443694,3880052698.3443694,1.2301883826677482,1.2319458890700539,1.2355732884879767,0.18711636844478152
fp8_e4m3_sat,value,ans_lane_shared,256,18468,4794089472,3890380192,0,350892,3890731084,3886085353.891881,3886085353.891881,1.2321821705218627,1.2322933069262347,1.2336552173767261,0.18843169141420646
fp8_e4m3_sat,value,ans_lane_shared,64,73152,4794089472,3890598784,0,1389888,3891988672,3884196240.4025197,3884196240.4025197,1.2317840250897831,1.2322240709362233,1.2342552165961593,0.18816937090322206
fp8_e4m3_sat,value,zstd,64,73152,4794089472,3882807729,0,1389888,3884197617,3884196240.4025197,3884196240.4025197,1.234254779164085,1.2346965924152769,1.2342552165961593,0.18979450849097546
