session_id,block_size,main_turns,subagent_requests,subagent_input_tokens,snapshot_tokens,unique_block_tokens,new_tokens_incl_tail,max_input_tokens,duration_s,dedup_ratio_tokens,trace_index,qwen35_9b_snapshot_kv_bytes,qwen35_9b_unique_kv_bytes,qwen35_9b_state_snapshot_bytes,qwen3_4b_2507_snapshot_kv_bytes,qwen3_4b_2507_unique_kv_bytes,qwen3_4b_2507_state_snapshot_bytes
002001296e8a8c38ad9d7cc436d691afc602,64,131,67,3880960,32398400,405056,405056,396224,201709.09,79.98498972981514,0,1061630771200,13272875008,6280445952,4777338470400,59727937536,0
006c98de37d819e95b0840e25426bb7ca99d,64,33,0,0,2908416,120832,120832,120320,5340.127,24.069915254237287,1,95302975488,3959422976,1609039872,428863389696,17817403392,0
00ca01c4aaeccee751ae6285beb54dea262f,64,29,6,295872,3675712,170880,170880,169024,2519.939,21.510486891385767,2,120445730816,5599395840,1453326336,542005788672,25197281280,0
0196085d85d2075a50b74cd8795ffbdcea9a,64,199,34,3287040,88728384,819200,819200,682304,17764.261,108.311015625,3,2907451686912,26843545600,10069475328,13083532591104,120795955200,0
02bc0afb13f7a2d9efa86c28511261d85c0e,64,255,211,10465344,75394112,2760192,2760192,518464,219154.669,27.31480708588388,4,2470514262016,90445971456,12716605440,11117314179072,407006871552,0
03e110ac6921c2fe9ac7772a9654314a2beb,64,41,66,3958080,7885248,316992,316992,315648,3465.445,24.875227135069654,5,258383806464,10387193856,2128084992,1162727129088,46742372352,0
0470d446a4514dfe0c6ad0be92853bd13287,64,664,131,7162240,178498560,2418688,2418688,769344,145463.832,73.79974597798476,6,5849040814080,79255568384,33789837312,26320683663360,356650057728,0
04dba6fe621301a1d01fd63b8d02c9645c48,64,7,18,290752,397504,78016,78016,77568,4925.563,5.095159967186218,7,13025411072,2556428288,311427072,58614349824,11503927296,0
05c249572509162371b7b82339674db64b5d,64,36,0,0,3899264,214848,214848,180544,73578.766,18.148942508191837,8,127771082752,7040139264,1868562432,574969872384,31680626688,0
05f72f78a037cfa5cd4e4541960a574701d9,64,52,0,0,4439232,126528,126528,122304,101467.569,35.08497723823976,9,145464754176,4146069504,2543321088,654591393792,18657312768,0
063179eb93f4337a662e859c5a2c5638e03f,64,38,35,1684800,2856192,116544,116544,113984,3720.591,24.507413509060957,10,93591699456,3818913792,1920466944,421162647552,17185112064,0
069d7bf5f1efb4e76e3c84510367e6af78a5,64,220,132,9150656,93737984,709056,709056,704768,83561.906,132.20110118241718,11,3071606259712,23234347008,11211374592,13822228168704,104554561536,0
077ea9e6554f45bbad9c24a8462bae9a8512,64,35,0,0,2773376,112448,112448,112000,19768.637,24.663631189527603,12,90877984768,3684696064,1816657920,408950931456,16581132288,0
07dd40536557a1d6440a923557c3129dc929,64,9,110,9404800,501824,72704,72704,72704,486.655,6.902288732394366,13,16443768832,2382364672,467140608,73996959744,10720641024,0
085411a4cc4b15108dd9b50007261a2efb65,64,20,82,9095680,3393216,222720,222720,221568,8467.923,15.235344827586207,14,111188901888,7298088960,1038090240,500350058496,32841400320,0
085aacf44ac5428ad3c6b4f6cd431e083832,64,876,902,208068928,407348224,2925696,2925696,876544,190116.148,139.2312201951262,15,13347986604032,95869206528,45105020928,60065939718144,431411429376,0
0a279af1bec84c6ab033bb03f5d8bfd6b08d,64,150,0,0,38823680,410944,410944,373568,8832.276,94.47438093754867,16,1272174346240,13465812992,7162822656,5724784558080,60596158464,0
0a688303b1ae62a97607af8021f2130c2caf,64,31,0,0,2263360,123264,123264,121536,2303.51,18.36188992731049,17,74165780480,4039114752,1609039872,333746012160,18176016384,0
0b7f3ca692f15ae2651a310d9411d70794aa,64,172,0,0,27657792,305024,305024,231360,15533.806,90.67415023080152,18,906290528256,9995026432,8823767040,4078307377152,44977618944,0
0bc9c4f798d321286bf39f2543c0c4e4c059,64,18,84,7621504,2655424,324352,324352,208640,2566.271,8.186858721389108,19,87012933632,10628366336,934281216,391558201344,47827648512,0
0bcd99353218b9a386b1c4aec13d77abecdb,64,26,9,627328,1895744,126848,126848,119360,46668.349,14.945005045408678,20,62119739392,4156555264,1297612800,279538827264,18704498688,0
0bed163ac9566086e14ffd85c7481096d49d,64,53,0,0,4400320,213952,213952,126720,3015.844,20.566856117259945,21,144189685760,7010779136,2647130112,648853585920,31548506112,0
0d41be2aa98333f3662682210647e5971c7b,64,33,0,0,3172864,160128,160128,158144,79799.536,19.81454836131095,22,103968407552,5247074304,1505230848,467857833984,23611834368,0
0d8a816e4819b765d81ff748da94d463f3b2,64,28,0,0,3092736,163008,163008,162240,8625.027,18.972909305064782,23,101342773248,5341446144,1297612800,456042479616,24036507648,0
0db32e2f852a2ea24ed616b31975a84da5e4,64,60,0,0,11374144,385024,385024,270464,5578.282,29.541389627659573,24,372707950592,12616466432,3114270720,1677185777664,56774098944,0
0dedb07b5e4362b028db9d8ab90fff7fd4ad,64,44,0,0,6629824,233728,233728,214720,7220.846,28.365553121577218,25,217246072832,7658799104,2283798528,977607327744,34464595968,0
0e4206535a79f980e2b1091181202ea987fe,64,27,0,0,3888320,180800,180800,180224,320.583,21.506194690265488,26,127412469760,5924454400,1349517312,573356113920,26660044800,0
0ede42538334da8586bc60008762abfc0ab7,64,19,144,7898496,1867264,163264,163264,162368,1855.398,11.437083496667974,27,61186506752,5349834752,986185728,275339280384,24074256384,0
0f909e7d63c0d5e1f060d727ada25d910d89,64,49,0,0,3903744,130304,130304,129920,5189.936,29.958742632612967,28,127917883392,4269801472,2491416576,575630475264,19214106624,0
1007f04d2c64580308858bb42f292992929d,64,84,49,3528000,8413888,136512,136512,136128,2840.54,61.6347866854196,29,275706281984,4473225216,4359979008,1240678268928,20129513472,0
11310dce936f02050cadaeae295bcdd1ce7f,64,1009,89,5057408,474706880,2367616,2367616,873600,156529.139,200.499945937179,30,15555195043840,77582041088,51385466880,69998377697280,349119184896,0
117ebe75819d050f308a0a81647893abd02d,64,56,226,13955648,11373760,448832,448832,285568,2714.689,25.340795665193212,31,372695367680,14707326976,2854748160,1677129154560,66182971392,0
12bd4c7c82ae413b035253cb800fc5312111,64,9,31,1573888,442176,104064,104064,84544,614.449,4.249077490774908,32,14489223168,3409969152,363331584,65201504256,15344861184,0
12cfecf98c158ab54fb65980602421f00d69,64,20,0,0,1853056,112768,112768,110464,344.656,16.432463110102155,33,60720939008,3695181824,882376704,273244225536,16628318208,0
12e6fd87f4d3d1f93f96bd7bb6a520043805,64,94,0,0,18707648,265792,265792,254912,19208.547,70.38454129544907,34,613012209664,8709472256,4671406080,2758554943488,39192625152,0
13b532ee3aaa0a52b05c3bcc472355ab62b4,64,136,31,1302912,33257280,836864,836864,356864,4138.254,39.74036402569593,35,1089774551040,27422359552,6955204608,4903985479680,123400617984,0
13e0b7038bafff59abfdc31aad12dbcd4a2f,64,177,64,4305280,59765120,613312,613312,593344,80865.714,97.44651987895232,36,1958383452160,20097007616,8408530944,8812725534720,90436534272,0
14129d470e508b236be22188aa78548ef805,64,27,0,0,1985664,95936,95936,95360,502.106,20.697798532354902,37,65066237952,3143630848,1401421824,292798070784,14146338816,0
1493faffdc8942e99daa22277f44871a40b8,64,78,0,0,26124032,449152,449152,433408,84200.566,58.16300940438872,38,856032280576,14717812736,3892838400,3852145262592,66230157312,0
1499c406c828e8fe6b6af697e7799c6a715b,64,61,79,3713792,7458176,264960,264960,184128,71136.259,28.14830917874396,39,244389511168,8682209280,3114270720,1099752800256,39069941760,0
15ab8fdb8831965bb01e45ac51829cb4e3e3,64,140,0,0,23849536,292352,292352,291328,91380.493,81.57815236427321,40,781501595648,9579790336,7162822656,3516757180416,43109056512,0
162d6f4f741a1cf3ce98acb5e3718c3bc0c7,64,580,95,6668352,235694208,1535104,1535104,817024,105920.577,153.53631284916202,41,7723227807744,50302287872,29741285376,34754525134848,226360295424,0
16b968359e79eda8a61415fa7ad536f6cda5,64,615,0,0,266362816,1946560,1946560,875584,82182.518,136.83771165543317,42,8728176754688,63784878080,31609847808,39276795396096,287031951360,0
16c18d979235980e8021cfb0a0b3b386305a,64,84,185,13299008,17457344,336960,336960,326144,11150.59,51.80835707502374,43,572042248192,11041505280,4359979008,2574190116864,49686773760,0
16e46bc4d9e121ffbd67ada51cb3f965342f,64,397,30,2165760,189684480,1852928,1852928,816704,72488.752,102.37012987012987,44,6215581040640,60716744704,20138950656,27970114682880,273225351168,0
17808bf55e26681520f3f11f47b5e1260108,64,27,0,0,2439296,117760,117760,117184,564.18,20.714130434782607,45,79930851328,3858759680,1401421824,359688830976,17364418560,0
18bf3ef42c109a28326d8384f1bcc8dfae37,64,55,0,0,5803072,327104,327104,188544,2061.669,17.74075523380943,46,190155063296,10718543872,2802843648,855697784832,48233447424,0
1a271af3dedd40be2efd413ef35fe7f0f53b,64,176,0,0,39293376,328896,328896,326080,46939.202,119.47051955633391,47,1287565344768,10777264128,8771862528,5794044051456,48497688576,0
1b5229e3aa8893ca2f4d07d248f9cd9752fb,64,27,0,0,1842752,95936,95936,95488,351982.691,19.208138759172783,48,60383297536,3143630848,1401421824,271724838912,14146338816,0
1b577bfa02cd2c421c0b59c5cac702b3c287,64,84,78,5646528,11588736,289472,289472,227904,4113.536,40.03404819809861,49,379739701248,9485418496,3996647424,1708828655616,42684383232,0
