turn_idx,format,state_kind,codec,block_tokens,units,raw_bytes,payload_bytes,table_bytes,header_bytes,compressed_total_bytes,entropy_lane_bytes,entropy_raw_bytes
0,bf16,key,ans_lane,16,320,10485760,7063224,327680,8640,7399544,7053655.811356113,8212903.6878657695
0,bf16,key,ans_lane,256,24,10485760,7068756,24576,648,7093980,7061724.8283759495,8220255.729839419
0,bf16,key,ans_lane,64,80,10485760,7067496,81920,2160,7151576,7059997.925084173,8218702.048127569
0,bf16,key,ans_lane_shared,16,320,10485760,7073828,0,8640,7082468,7053655.811356113,8212903.6878657695
0,bf16,key,ans_lane_shared,256,24,10485760,7071368,0,648,7072016,7061724.8283759495,8220255.729839419
0,bf16,key,ans_lane_shared,64,80,10485760,7071824,0,2160,7073984,7059997.925084173,8218702.048127569
0,bf16,key,ans_raw,64,80,10485760,8219120,40960,1520,8261600,7059997.925084173,8218702.048127569
0,bf16,key,zstd,64,80,10485760,8252175,0,1520,8253695,7059997.925084173,8218702.048127569
0,bf16,value,ans_lane,16,320,10485760,7063720,327680,8640,7400040,7054225.574987787,8214783.56417423
0,bf16,value,ans_lane,256,24,10485760,7070456,24576,648,7095680,7063430.595564979,8223213.293651503
0,bf16,value,ans_lane,64,80,10485760,7068720,81920,2160,7152800,7061192.414577996,8221167.888601273
0,bf16,value,ans_lane_shared,16,320,10485760,7077208,0,8640,7085848,7054225.574987787,8214783.56417423
0,bf16,value,ans_lane_shared,256,24,10485760,7074788,0,648,7075436,7063430.595564979,8223213.293651503
0,bf16,value,ans_lane_shared,64,80,10485760,7075232,0,2160,7077392,7061192.414577996,8221167.888601273
0,bf16,value,ans_raw,64,80,10485760,8221596,40960,1520,8264076,7061192.414577996,8221167.888601273
0,bf16,value,zstd,64,80,10485760,8264836,0,1520,8266356,7061192.414577996,8221167.888601273
0,fp8_e4m3_sat,key,ans_lane,16,320,5242880,4347988,163840,6080,4517908,4343966.076660114,4343966.076660114
0,fp8_e4m3_sat,key,ans_lane,256,24,5242880,4352160,12288,456,4364904,4349444.473971188,4349444.473971188
0,fp8_e4m3_sat,key,ans_lane,64,80,5242880,4351124,40960,1520,4393604,4348126.3743153345,4348126.3743153345
0,fp8_e4m3_sat,key,ans_lane_shared,16,320,5242880,4356140,0,6080,4362220,4343966.076660114,4343966.076660114
0,fp8_e4m3_sat,key,ans_lane_shared,256,24,5242880,4354936,0,456,4355392,4349444.473971188,4349444.473971188
0,fp8_e4m3_sat,key,ans_lane_shared,64,80,5242880,4355140,0,1520,4356660,4348126.3743153345,4348126.3743153345
0,fp8_e4m3_sat,key,zstd,64,80,5242880,4377728,0,1520,4379248,4348126.3743153345,4348126.3743153345
0,fp8_e4m3_sat,value,ans_lane,16,320,5242880,4349016,163840,6080,4518936,4345033.864602567,4345033.864602567
0,fp8_e4m3_sat,value,ans_lane,256,24,5242880,4354772,12288,456,4367516,4352154.967263556,4352154.967263556
0,fp8_e4m3_sat,value,ans_lane,64,80,5242880,4353084,40960,1520,4395564,4350115.197148921,4350115.197148921
0,fp8_e4m3_sat,value,ans_lane_shared,16,320,5242880,4361208,0,6080,4367288,4345033.864602567,4345033.864602567
0,fp8_e4m3_sat,value,ans_lane_shared,256,24,5242880,4360008,0,456,4360464,4352154.967263556,4352154.967263556
0,fp8_e4m3_sat,value,ans_lane_shared,64,80,5242880,4360224,0,1520,4361744,4350115.197148921,4350115.197148921
0,fp8_e4m3_sat,value,zstd,64,80,5242880,4382153,0,1520,4383673,4350115.197148921,4350115.197148921
0,native,convolution,ans_lane,,24,1572864,1059868,24576,648,1085092,1058634.6978025571,1232588.0852436002
0,native,convolution,ans_lane_shared,,24,1572864,1062148,0,648,1062796,1058634.6978025571,1232588.0852436002
0,native,convolution,zstd,,24,1572864,1239350,0,456,1239806,1058634.6978025571,1232588.0852436002
0,native,recurrent,ans_lane,,24,50331648,42842104,49152,1032,42892288,42825709.42111297,47020049.37839966
0,native,recurrent,ans_lane_shared,,24,50331648,42859300,0,1032,42860332,42825709.42111297,47020049.37839966
0,native,recurrent,zstd,,24,50331648,47199148,0,456,47199604,42825709.42111297,47020049.37839966
1,bf16,key,ans_lane,16,31872,1044381696,702420348,32636928,860544,735917820,701470023.5260637,817018217.243542
1,bf16,key,ans_lane,256,1992,1044381696,702964344,2039808,53784,705057936,702268109.5499855,817745226.4783006
1,bf16,key,ans_lane,64,7968,1044381696,702841580,8159232,215136,711215948,702092232.6404189,817587637.6649086
1,bf16,key,ans_lane_shared,16,31872,1044381696,703283140,0,860544,704143684,701470023.5260637,817018217.243542
1,bf16,key,ans_lane_shared,256,1992,1044381696,703036348,0,53784,703090132,702268109.5499855,817745226.4783006
1,bf16,key,ans_lane_shared,64,7968,1044381696,703085692,0,215136,703300828,702092232.6404189,817587637.6649086
1,bf16,key,ans_raw,64,7968,1044381696,817629276,4079616,151392,821860284,702092232.6404189,817587637.6649086
1,bf16,key,zstd,64,7968,1044381696,821106069,0,151392,821257461,702092232.6404189,817587637.6649086
1,bf16,value,ans_lane,16,31872,1044381696,704159520,32636928,860544,737656992,703206969.366019,818744615.8679731
1,bf16,value,ans_lane,256,1992,1044381696,704821132,2039808,53784,706914724,704123221.2246552,819585735.2599314
1,bf16,value,ans_lane,64,7968,1044381696,704651864,8159232,215136,713026232,703900769.826025,819383571.8775392
1,bf16,value,ans_lane_shared,16,31872,1044381696,705165604,0,860544,706026148,703206969.366019,818744615.8679731
1,bf16,value,ans_lane_shared,256,1992,1044381696,704917656,0,53784,704971440,704123221.2246552,819585735.2599314
1,bf16,value,ans_lane_shared,64,7968,1044381696,704967348,0,215136,705182484,703900769.826025,819383571.8775392
1,bf16,value,ans_raw,64,7968,1044381696,819425140,4079616,151392,823656148,703900769.826025,819383571.8775392
1,bf16,value,zstd,64,7968,1044381696,823776224,0,151392,823927616,703900769.826025,819383571.8775392
1,fp8_e4m3_sat,key,ans_lane,16,31872,522190848,431293288,16318464,605568,448217320,430890754.79238063,430890754.79238063
1,fp8_e4m3_sat,key,ans_lane,256,1992,522190848,431696924,1019904,37848,432754676,431423629.91082317,431423629.91082317
1,fp8_e4m3_sat,key,ans_lane,64,7968,522190848,431592756,4079616,151392,435823764,431290642.1321134,431290642.1321134
1,fp8_e4m3_sat,key,ans_lane_shared,16,31872,522190848,431880340,0,605568,432485908,430890754.79238063,430890754.79238063
1,fp8_e4m3_sat,key,ans_lane_shared,256,1992,522190848,431760620,0,37848,431798468,431423629.91082317,431423629.91082317
1,fp8_e4m3_sat,key,ans_lane_shared,64,7968,522190848,431784608,0,151392,431936000,431290642.1321134,431290642.1321134
1,fp8_e4m3_sat,key,zstd,64,7968,522190848,434069592,0,151392,434220984,431290642.1321134,431290642.1321134
1,fp8_e4m3_sat,value,ans_lane,16,31872,522190848,433558048,16318464,605568,450482080,433155141.5600917,433155141.5600917
1,fp8_e4m3_sat,value,ans_lane,256,1992,522190848,434110668,1019904,37848,435168420,433845771.38872033,433845771.38872033
1,fp8_e4m3_sat,value,ans_lane,64,7968,522190848,433950544,4079616,151392,438181552,433653658.6651366,433653658.6651366
1,fp8_e4m3_sat,value,ans_lane_shared,16,31872,522190848,434326056,0,605568,434931624,433155141.5600917,433155141.5600917
1,fp8_e4m3_sat,value,ans_lane_shared,256,1992,522190848,434206424,0,37848,434244272,433845771.38872033,433845771.38872033
1,fp8_e4m3_sat,value,ans_lane_shared,64,7968,522190848,434230420,0,151392,434381812,433653658.6651366,433653658.6651366
1,fp8_e4m3_sat,value,zstd,64,7968,522190848,437007570,0,151392,437158962,433653658.6651366,433653658.6651366
1,native,convolution,ans_lane,,24,1572864,1065692,24576,648,1090916,1064462.9870434322,1237821.0429609292
1,native,convolution,ans_lane_shared,,24,1572864,1070840,0,648,1071488,1064462.9870434322,1237821.0429609292
1,native,convolution,zstd,,24,1572864,1244709,0,456,1245165,1064462.9870434322,1237821.0429609292
1,native,recurrent,ans_lane,,24,50331648,42985240,49152,1032,43035424,42968854.653251365,47128577.898642026
1,native,recurrent,ans_lane_shared,,24,50331648,42995260,0,1032,42996292,42968854.653251365,47128577.898642026
1,native,recurrent,zstd,,24,50331648,47233218,0,456,47233674,42968854.653251365,47128577.898642026
2,bf16,key,ans_lane,16,832,27262976,18337580,851968,22464,19212012,18312802.105755817,21328585.378741574
2,bf16,key,ans_lane,256,56,27262976,18351696,57344,1512,18410552,18333491.62498515,21347452.621296596
2,bf16,key,ans_lane,64,208,27262976,18348644,212992,5616,18567252,18329044.17737696,21343454.1626169
2,bf16,key,ans_lane_shared,16,832,27262976,18359988,0,22464,18382452,18312802.105755817,21328585.378741574
2,bf16,key,ans_lane_shared,256,56,27262976,18353524,0,1512,18355036,18333491.62498515,21347452.621296596
2,bf16,key,ans_lane_shared,64,208,27262976,18354796,0,5616,18360412,18329044.17737696,21343454.1626169
2,bf16,key,ans_raw,64,208,27262976,21344572,106496,3952,21455020,18329044.17737696,21343454.1626169
2,bf16,key,zstd,64,208,27262976,21435318,0,3952,21439270,18329044.17737696,21343454.1626169
2,bf16,value,ans_lane,16,832,27262976,18390632,851968,22464,19265064,18365674.649886224,21381125.824885886
2,bf16,value,ans_lane,256,56,27262976,18407280,57344,1512,18466136,18389045.636056274,21402614.526918363
2,bf16,value,ans_lane,64,208,27262976,18403096,212992,5616,18621704,18383482.758360606,21397535.32900748
2,bf16,value,ans_lane_shared,16,832,27262976,18415764,0,22464,18438228,18365674.649886224,21381125.824885886
2,bf16,value,ans_lane_shared,256,56,27262976,18409468,0,1512,18410980,18389045.636056274,21402614.526918363
2,bf16,value,ans_lane_shared,64,208,27262976,18410732,0,5616,18416348,18383482.758360606,21397535.32900748
2,bf16,value,ans_raw,64,208,27262976,21398644,106496,3952,21509092,18383482.758360606,21397535.32900748
2,bf16,value,zstd,64,208,27262976,21511551,0,3952,21515503,18383482.758360606,21397535.32900748
2,fp8_e4m3_sat,key,ans_lane,16,832,13631488,11262436,425984,15808,11704228,11251860.444935953,11251860.444935953
2,fp8_e4m3_sat,key,ans_lane,256,56,13631488,11272832,28672,1064,11302568,11265666.492454238,11265666.492454238
2,fp8_e4m3_sat,key,ans_lane,64,208,13631488,11270228,106496,3952,11380676,11262305.403780933,11262305.403780933
2,fp8_e4m3_sat,key,ans_lane_shared,16,832,13631488,11277480,0,15808,11293288,11251860.444935953,11251860.444935953
2,fp8_e4m3_sat,key,ans_lane_shared,256,56,13631488,11274412,0,1064,11275476,11265666.492454238,11265666.492454238
2,fp8_e4m3_sat,key,ans_lane_shared,64,208,13631488,11275020,0,3952,11278972,11262305.403780933,11262305.403780933
2,fp8_e4m3_sat,key,zstd,64,208,13631488,11335084,0,3952,11339036,11262305.403780933,11262305.403780933
2,fp8_e4m3_sat,value,ans_lane,16,832,13631488,11326264,425984,15808,11768056,11315706.189308127,11315706.189308127
2,fp8_e4m3_sat,value,ans_lane,256,56,13631488,11340076,28672,1064,11369812,11333110.279600142,11333110.279600142
2,fp8_e4m3_sat,value,ans_lane,64,208,13631488,11336064,106496,3952,11446512,11328323.616810763,11328323.616810763
2,fp8_e4m3_sat,value,ans_lane_shared,16,832,13631488,11345108,0,15808,11360916,11315706.189308127,11315706.189308127
2,fp8_e4m3_sat,value,ans_lane_shared,256,56,13631488,11341976,0,1064,11343040,11333110.279600142,11333110.279600142
2,fp8_e4m3_sat,value,ans_lane_shared,64,208,13631488,11342624,0,3952,11346576,11328323.616810763,11328323.616810763
2,fp8_e4m3_sat,value,zstd,64,208,13631488,11416193,0,3952,11420145,11328323.616810763,11328323.616810763
2,native,convolution,ans_lane,,24,1572864,1064016,24576,648,1089240,1062794.3416000241,1236364.5721439149
2,native,convolution,ans_lane_shared,,24,1572864,1066012,0,648,1066660,1062794.3416000241,1236364.5721439149
2,native,convolution,zstd,,24,1572864,1243589,0,456,1244045,1062794.3416000241,1236364.5721439149
2,native,recurrent,ans_lane,,24,50331648,43019152,49152,1032,43069336,43002812.167909145,47154274.20016048
2,native,recurrent,ans_lane_shared,,24,50331648,43032112,0,1032,43033144,43002812.167909145,47154274.20016048
2,native,recurrent,zstd,,24,50331648,47242957,0,456,47243413,43002812.167909145,47154274.20016048
3,bf16,key,ans_lane,16,736,24117248,16221984,753664,19872,16995520,16199999.525280623,18868245.00509106
3,bf16,key,ans_lane,256,48,24117248,16234580,49152,1296,16285028,16218468.891792005,18885019.3215736
3,bf16,key,ans_lane,64,184,24117248,16231672,188416,4968,16425056,16214379.327346731,18881371.742073074
3,bf16,key,ans_lane_shared,16,736,24117248,16241956,0,19872,16261828,16199999.525280623,18868245.00509106
3,bf16,key,ans_lane_shared,256,48,24117248,16236276,0,1296,16237572,16218468.891792005,18885019.3215736
3,bf16,key,ans_lane_shared,64,184,24117248,16237412,0,4968,16242380,16214379.327346731,18881371.742073074
3,bf16,key,ans_raw,64,184,24117248,18882328,94208,3496,18980032,16214379.327346731,18881371.742073074
3,bf16,key,zstd,64,184,24117248,18961852,0,3496,18965348,16214379.327346731,18881371.742073074
3,bf16,value,ans_lane,16,736,24117248,16264772,753664,19872,17038308,16242796.985166552,18910812.28920646
3,bf16,value,ans_lane,256,48,24117248,16280308,49152,1296,16330756,16264168.53643759,18930469.18349113
3,bf16,value,ans_lane,64,184,24117248,16276516,188416,4968,16469900,16259158.104328768,18925893.285216905
3,bf16,value,ans_lane_shared,16,736,24117248,16287716,0,19872,16307588,16242796.985166552,18910812.28920646
3,bf16,value,ans_lane_shared,256,48,24117248,16282032,0,1296,16283328,16264168.53643759,18930469.18349113
3,bf16,value,ans_lane_shared,64,184,24117248,16283124,0,4968,16288092,16259158.104328768,18925893.285216905
3,bf16,value,ans_raw,64,184,24117248,18926852,94208,3496,19024556,16259158.104328768,18925893.285216905
3,bf16,value,zstd,64,184,24117248,19026581,0,3496,19030077,16259158.104328768,18925893.285216905
3,fp8_e4m3_sat,key,ans_lane,16,736,12058624,9963828,376832,13984,10354644,9954520.567304453,9954520.567304453
3,fp8_e4m3_sat,key,ans_lane,256,48,12058624,9973112,24576,912,9998600,9966777.15270212,9966777.15270212
3,fp8_e4m3_sat,key,ans_lane,64,184,12058624,9970668,94208,3496,10068372,9963673.226084707,9963673.226084707
3,fp8_e4m3_sat,key,ans_lane_shared,16,736,12058624,9977532,0,13984,9991516,9954520.567304453,9954520.567304453
3,fp8_e4m3_sat,key,ans_lane_shared,256,48,12058624,9974676,0,912,9975588,9966777.15270212,9966777.15270212
3,fp8_e4m3_sat,key,ans_lane_shared,64,184,12058624,9975228,0,3496,9978724,9963673.226084707,9963673.226084707
3,fp8_e4m3_sat,key,zstd,64,184,12058624,10028367,0,3496,10031863,9963673.226084707,9963673.226084707
3,fp8_e4m3_sat,value,ans_lane,16,736,12058624,10015016,376832,13984,10405832,10005663.308466254,10005663.308466254
3,fp8_e4m3_sat,value,ans_lane,256,48,12058624,10028136,24576,912,10053624,10021998.145326277,10021998.145326277
3,fp8_e4m3_sat,value,ans_lane,64,184,12058624,10024484,94208,3496,10122188,10017604.720612865,10017604.720612865
3,fp8_e4m3_sat,value,ans_lane_shared,16,736,12058624,10032540,0,13984,10046524,10005663.308466254,10005663.308466254
3,fp8_e4m3_sat,value,ans_lane_shared,256,48,12058624,10029784,0,912,10030696,10021998.145326277,10021998.145326277
3,fp8_e4m3_sat,value,ans_lane_shared,64,184,12058624,10030292,0,3496,10033788,10017604.720612865,10017604.720612865
3,fp8_e4m3_sat,value,zstd,64,184,12058624,10095551,0,3496,10099047,10017604.720612865,10017604.720612865
3,native,convolution,ans_lane,,24,1572864,1064564,24576,648,1089788,1063342.2618462867,1236771.562304026
3,native,convolution,ans_lane_shared,,24,1572864,1066488,0,648,1067136,1063342.2618462867,1236771.562304026
3,native,convolution,zstd,,24,1572864,1243873,0,456,1244329,1063342.2618462867,1236771.562304026
3,native,recurrent,ans_lane,,24,50331648,42999752,49152,1032,43049936,42983421.04492366,47139443.94452567
3,native,recurrent,ans_lane_shared,,24,50331648,43011852,0,1032,43012884,42983421.04492366,47139443.94452567
3,native,recurrent,zstd,,24,50331648,47242081,0,456,47242537,42983421.04492366,47139443.94452567
4,bf16,key,ans_lane,16,544,17825792,11990236,557056,14688,12561980,11974033.717292521,13946166.214817831
4,bf16,key,ans_lane,256,40,17825792,11999452,40960,1080,12041492,11987536.534958243,13958459.827677377
4,bf16,key,ans_lane,64,136,17825792,11997412,139264,3672,12140348,11984660.316529362,13955894.163989065
4,bf16,key,ans_lane_shared,16,544,17825792,12005024,0,14688,12019712,11974033.717292521,13946166.214817831
4,bf16,key,ans_lane_shared,256,40,17825792,12000840,0,1080,12001920,11987536.534958243,13958459.827677377
4,bf16,key,ans_lane_shared,64,136,17825792,12001624,0,3672,12005296,11984660.316529362,13955894.163989065
4,bf16,key,ans_raw,64,136,17825792,13956580,69632,2584,14028796,11984660.316529362,13955894.163989065
4,bf16,key,zstd,64,136,17825792,14016282,0,2584,14018866,11984660.316529362,13955894.163989065
4,bf16,value,ans_lane,16,544,17825792,12023996,557056,14688,12595740,12007769.559715213,13978699.178568421
4,bf16,value,ans_lane,256,40,17825792,12035492,40960,1080,12077532,12023524.537529543,13993182.308043653
4,bf16,value,ans_lane,64,136,17825792,12032480,139264,3672,12175416,12019688.45082231,13989691.54016781
4,bf16,value,ans_lane_shared,16,544,17825792,12041104,0,14688,12055792,12007769.559715213,13978699.178568421
4,bf16,value,ans_lane_shared,256,40,17825792,12036948,0,1080,12038028,12023524.537529543,13993182.308043653
4,bf16,value,ans_lane_shared,64,136,17825792,12037740,0,3672,12041412,12019688.45082231,13989691.54016781
4,bf16,value,ans_raw,64,136,17825792,13990412,69632,2584,14062628,12019688.45082231,13989691.54016781
4,bf16,value,zstd,64,136,17825792,14064906,0,2584,14067490,12019688.45082231,13989691.54016781
4,fp8_e4m3_sat,key,ans_lane,16,544,8912896,7362868,278528,10336,7651732,7355947.9149887785,7355947.9149887785
4,fp8_e4m3_sat,key,ans_lane,256,40,8912896,7369632,20480,760,7390872,7364918.990321729,7364918.990321729
4,fp8_e4m3_sat,key,ans_lane,64,136,8912896,7367884,69632,2584,7440100,7362715.403127678,7362715.403127678
4,fp8_e4m3_sat,key,ans_lane_shared,16,544,8912896,7372928,0,10336,7383264,7355947.9149887785,7355947.9149887785
4,fp8_e4m3_sat,key,ans_lane_shared,256,40,8912896,7370892,0,760,7371652,7364918.990321729,7364918.990321729
4,fp8_e4m3_sat,key,ans_lane_shared,64,136,8912896,7371276,0,2584,7373860,7362715.403127678,7362715.403127678
4,fp8_e4m3_sat,key,zstd,64,136,8912896,7409789,0,2584,7412373,7362715.403127678,7362715.403127678
4,fp8_e4m3_sat,value,ans_lane,16,544,8912896,7404516,278528,10336,7693380,7397673.728700467,7397673.728700467
4,fp8_e4m3_sat,value,ans_lane,256,40,8912896,7414400,20480,760,7435640,7409858.49733882,7409858.49733882
4,fp8_e4m3_sat,value,ans_lane,64,136,8912896,7411444,69632,2584,7483660,7406391.077307561,7406391.077307561
4,fp8_e4m3_sat,value,ans_lane_shared,16,544,8912896,7417780,0,10336,7428116,7397673.728700467,7397673.728700467
4,fp8_e4m3_sat,value,ans_lane_shared,256,40,8912896,7415764,0,760,7416524,7409858.49733882,7409858.49733882
4,fp8_e4m3_sat,value,ans_lane_shared,64,136,8912896,7416116,0,2584,7418700,7406391.077307561,7406391.077307561
4,fp8_e4m3_sat,value,zstd,64,136,8912896,7463941,0,2584,7466525,7406391.077307561,7406391.077307561
4,native,convolution,ans_lane,,24,1572864,1063572,24576,648,1088796,1062338.1127429316,1235983.2178592912
4,native,convolution,ans_lane_shared,,24,1572864,1065240,0,648,1065888,1062338.1127429316,1235983.2178592912
4,native,convolution,zstd,,24,1572864,1243087,0,456,1243543,1062338.1127429316,1235983.2178592912
4,native,recurrent,ans_lane,,24,50331648,43018732,49152,1032,43068916,43002406.42855139,47152042.42782592
4,native,recurrent,ans_lane_shared,,24,50331648,43032428,0,1032,43033460,43002406.42855139,47152042.42782592
4,native,recurrent,zstd,,24,50331648,47248803,0,456,47249259,43002406.42855139,47152042.42782592
