session_id,turn_idx,request_path,t,think_time,input_tokens,full_blocks,model_lcp_tokens,restore,rollback_from,rollback_to,fed_tokens,forward_seconds,hit_blocks,new_blocks,new_kv_raw_bytes,state_snapshot_raw_bytes,fp8_clamped_elements,uncovered_tail_tokens,gpu_peak_reserved_bytes
Melevir__cognitive_complexity-15#26,0,msg/2,,,2142,33,0,none,,,2112,0.7448210492730141,0,33,69206016,51904512,0,30,18603835392
Melevir__cognitive_complexity-15#26,1,msg/4,,,2280,35,2112,none,,,128,0.07035080483183265,33,2,4194304,51904512,0,40,18612224000
Melevir__cognitive_complexity-15#26,2,msg/6,,,2435,38,2240,none,,,192,0.09449919126927853,35,3,6291456,51904512,0,3,18612224000
Melevir__cognitive_complexity-15#26,3,msg/8,,,3534,55,2432,none,,,1088,0.30440304800868034,38,17,35651584,51904512,0,14,18612224000
Melevir__cognitive_complexity-15#26,4,msg/10,,,3710,57,3520,none,,,128,0.053331253584474325,55,2,4194304,51904512,0,62,18612224000
Melevir__cognitive_complexity-15#26,5,msg/12,,,5014,78,3648,none,,,1344,0.39025544142350554,57,21,44040192,51904512,0,22,18612224000
Melevir__cognitive_complexity-15#26,6,msg/14,,,5243,81,4992,none,,,192,0.07676409604027867,78,3,6291456,51904512,0,59,18612224000
Melevir__cognitive_complexity-15#26,7,msg/16,,,5424,84,5184,none,,,192,0.07993214903399348,81,3,6291456,51904512,0,48,18612224000
Melevir__cognitive_complexity-15#26,8,msg/18,,,5623,87,5376,none,,,192,0.08514179801568389,84,3,6291456,51904512,0,55,18612224000
Melevir__cognitive_complexity-15#26,9,msg/20,,,6136,95,5568,none,,,512,0.15960014192387462,87,8,16777216,51904512,0,56,18612224000
Melevir__cognitive_complexity-15#26,10,msg/22,,,6348,99,6080,none,,,256,0.09528660122305155,95,4,8388608,51904512,0,12,18612224000
Melevir__cognitive_complexity-15#26,11,msg/24,,,7459,116,6336,none,,,1088,0.32582665514200926,99,17,35651584,51904512,0,35,18612224000
Melevir__cognitive_complexity-15#26,12,msg/26,,,8710,136,7424,none,,,1280,0.36679627001285553,116,20,41943040,51904512,0,6,18675138560
Melevir__cognitive_complexity-15#26,13,msg/28,,,13055,203,8704,none,,,4288,1.333135539200157,136,67,140509184,51904512,0,63,19786629120
Melevir__cognitive_complexity-15#26,14,msg/30,,,13770,215,12992,none,,,768,0.2649794677272439,203,12,25165824,51904512,0,10,19786629120
Melevir__cognitive_complexity-15#26,15,msg/32,,,14881,232,13760,none,,,1088,0.36399112781509757,215,17,35651584,51904512,0,33,19786629120
Melevir__cognitive_complexity-15#26,16,msg/34,,,16196,253,14848,none,,,1344,0.4676121920347214,232,21,44040192,51904512,0,4,19786629120
Melevir__cognitive_complexity-15#26,17,msg/36,,,17530,273,16192,none,,,1280,0.5602633100934327,253,20,41943040,51904512,0,58,19786629120
Melevir__cognitive_complexity-15#26,18,msg/38,,,18812,293,17472,none,,,1280,0.4282242879271507,273,20,41943040,51904512,0,60,19786629120
Melevir__cognitive_complexity-15#26,19,msg/40,,,20166,315,18752,none,,,1408,0.5045787440612912,293,22,46137344,51904512,0,6,19786629120
Melevir__cognitive_complexity-15#26,20,msg/42,,,20497,320,20160,none,,,320,0.13830758072435856,315,5,10485760,51904512,0,17,19786629120
