model,format,scope,codec,block_tokens,raw_bytes,payload_bytes,table_bytes,header_bytes,compressed_total_bytes,entropy_lane_bytes,compression_ratio,payload_only_ratio,order0_entropy_ratio,session_min_ratio,session_max_ratio,sessions
qwen35_9b,bf16,key,ans_lane,16,10777264128,7249532348,336789504,8880192,7595202044,7239725653.592068,1.418956871136001,1.486615082278132,1.4886288022050593,1.4166349081198657,1.4193504941752362,7
qwen35_9b,bf16,key,ans_lane,64,10777264128,7253853920,84197376,2220048,7340271344,7246120715.506264,1.4682378379389784,1.4857294131999834,1.4873150132507869,1.4657553222911317,1.4686596003790249,7
qwen35_9b,bf16,key,ans_lane,256,10777264128,7255092144,21839872,575856,7277507872,7247897760.799997,1.480900373803127,1.4854758442886016,1.4869503521819054,1.4781162755854125,1.4813910464046014,7
qwen35_9b,bf16,key,ans_lane_shared,16,10777264128,7258723740,0,8880192,7267603932,7239725653.592068,1.482918473383863,1.4847326491585144,1.4886288022050593,1.4801618778836736,1.483372739141989,7
qwen35_9b,bf16,key,ans_lane_shared,64,10777264128,7256685376,0,2220048,7258905424,7246120715.506264,1.4846954876099236,1.4851497025961182,1.4873150132507869,1.481932422772944,1.4851508330231846,7
qwen35_9b,bf16,key,ans_lane_shared,256,10777264128,7256182296,0,575856,7256758152,7247897760.799997,1.4851348084446951,1.485252669842792,1.4869503521819054,1.4823609010800447,1.4855926241300776,7
qwen35_9b,bf16,key,ans_raw,64,10777264128,8438420616,42098688,1562256,8482081560,7246120715.506264,1.2705919003212225,1.27716602649142,1.4873150132507869,1.2689853903744994,1.270859064778969,7
qwen35_9b,bf16,key,zstd,64,10777264128,8474251910,0,1562256,8475814166,7246120715.506264,1.2715314324884646,1.2717658434583874,1.4873150132507869,1.2701679963493342,1.2717485320878856,7
qwen35_9b,bf16,kv_only,ans_lane,16,21554528256,14519730208,673579008,17760384,15211069600,14500099039.763391,1.4170290993869359,1.4844992260341041,1.486509036723912,1.4165032091527912,1.417218469505998,7
qwen35_9b,bf16,kv_only,ans_lane,64,21554528256,14529103208,168394752,4440096,14701938056,14513616170.190712,1.4661011476104944,1.483541547432306,1.4851245894369527,1.4655524825870374,1.466298373641084,7
qwen35_9b,bf16,kv_only,ans_lane,256,21554528256,14532023056,43679744,1151712,14576854512,14517617755.743683,1.4786817168447295,1.4832434667174945,1.4847152348719381,1.4778765035275094,1.4789252234585748,7
qwen35_9b,bf16,kv_only,ans_lane_shared,16,21554528256,14540404124,0,17760384,14558164508,14500099039.763391,1.4805800720382958,1.4823885273190363,1.486509036723912,1.4796036872092284,1.480903514031019,7
qwen35_9b,bf16,kv_only,ans_lane_shared,64,21554528256,14536324268,0,4440096,14540764364,14513616170.190712,1.4823518019014643,1.482804583786683,1.4851245894369527,1.4813725560746862,1.4826760527806904,7
qwen35_9b,bf16,kv_only,ans_lane_shared,256,21554528256,14535317724,0,1151712,14536469436,14517617755.743683,1.482789775804816,1.4829072652749946,1.4847152348719381,1.4818008022553677,1.4831160818489535,7
qwen35_9b,bf16,kv_only,ans_raw,64,21554528256,16897662984,84197376,3124512,16984984872,14513616170.190712,1.2690342922549764,1.2755922683751875,1.4851245894369527,1.2686988121178573,1.26916106546577,7
qwen35_9b,bf16,kv_only,zstd,64,21554528256,16977768026,0,3124512,16980892538,14513616170.190712,1.2693401249530951,1.2695737285956012,1.4851245894369527,1.2692108625320877,1.269679066259613,7
qwen35_9b,bf16,value,ans_lane,16,10777264128,7270197860,336789504,8880192,7615867556,7260373386.171325,1.4151065586099065,1.4823893841040525,1.484395299631176,1.414508625212056,1.417345567844806,7
qwen35_9b,bf16,value,ans_lane,64,10777264128,7275249288,84197376,2220048,7361666712,7267495454.684451,1.4639706671904003,1.4813601158349752,1.4829406079715175,1.463328338382497,1.4663860918631493,7
qwen35_9b,bf16,value,ans_lane,256,10777264128,7276930912,21839872,575856,7299346640,7269719994.943684,1.4764696978413399,1.4810177887257094,1.4824868269336264,1.475879340133955,1.4788743940679756,7
qwen35_9b,bf16,value,ans_lane_shared,16,10777264128,7281680384,0,8880192,7290560576,7260373386.171325,1.4782490338915744,1.4800517956927675,1.484395299631176,1.4777218029367354,1.4799831038353957,7
qwen35_9b,bf16,value,ans_lane_shared,64,10777264128,7279638892,0,2220048,7281858940,7267495454.684451,1.4800155038433085,1.480466859399267,1.4829406079715175,1.4794868276224724,1.481755278206805,7
qwen35_9b,bf16,value,ans_lane_shared,256,10777264128,7279135428,0,575856,7279711284,7269719994.943684,1.4804521371180248,1.4805692564180164,1.4824868269336264,1.479925118089106,1.4821896478015828,7
qwen35_9b,bf16,value,ans_raw,64,10777264128,8459242368,42098688,1562256,8502903312,7267495454.684451,1.267480498430487,1.2740223839393368,1.4829406079715175,1.2670443364542376,1.26913929907002,7
qwen35_9b,bf16,value,zstd,64,10777264128,8503516116,0,1562256,8505078372,7267495454.684451,1.2671563572512603,1.2673891577299152,1.4829406079715175,1.2666833002296936,1.2690214961955917,7
qwen35_9b,fp8_e4m3_sat,key,ans_lane,16,5388632064,4451667488,168394752,6249024,4626311264,4447501158.632862,1.164779401233129,1.210474968879796,1.21160891741205,1.1602944909426132,1.1655527161702526,7
qwen35_9b,fp8_e4m3_sat,key,ans_lane,64,5388632064,4454724048,42098688,1562256,4498384992,4451597915.210556,1.197903708460532,1.2096444147689214,1.210493887057435,1.1931638657084156,1.1987216311186226,7
qwen35_9b,fp8_e4m3_sat,key,ans_lane,256,5388632064,4455772256,10919936,405232,4467097424,4452937086.841972,1.2062938307655768,1.2093598492929796,1.2101298443948203,1.2013352701479454,1.2071604302818866,7
qwen35_9b,fp8_e4m3_sat,key,ans_lane_shared,16,5388632064,4458221080,0,6249024,4464470104,4447501158.632862,1.2070037291037037,1.2086955687715693,1.21160891741205,1.2018513128844108,1.2078735900523432,7
qwen35_9b,fp8_e4m3_sat,key,ans_lane_shared,64,5388632064,4457232208,0,1562256,4458794464,4451597915.210556,1.2085401351211509,1.208963727384068,1.210493887057435,1.2033744488986091,1.2094125729001972,7
qwen35_9b,fp8_e4m3_sat,key,ans_lane_shared,256,5388632064,4456988504,0,405232,4457393736,4452937086.841972,1.2089199166945659,1.2090298324000344,1.2101298443948203,1.2037436066159428,1.209795271703981,7
qwen35_9b,fp8_e4m3_sat,key,zstd,64,5388632064,4480391500,0,1562256,4481953756,4451597915.210556,1.2022953286356932,1.2027145538509303,1.210493887057435,1.1970768725228509,1.203205620645688,7
qwen35_9b,fp8_e4m3_sat,kv_only,ans_lane,16,10777264128,8929291188,336789504,12498048,9278578740,8920965729.656385,1.161521007688296,1.2069562859013352,1.208082673400777,1.160199039654964,1.1618548435376246,7
qwen35_9b,fp8_e4m3_sat,kv_only,ans_lane,64,10777264128,8936356040,84197376,3124512,9023677928,8930163538.850332,1.194331647693089,1.206002097472383,1.2068383833189535,1.1929692048816494,1.1946746051610369,7
qwen35_9b,fp8_e4m3_sat,kv_only,ans_lane,256,10777264128,8939000136,21839872,810464,8961650472,8933416934.968374,1.2025981331979805,1.2056453701792404,1.2063988736285434,1.2010859962778768,1.2029647334665867,7
qwen35_9b,fp8_e4m3_sat,kv_only,ans_lane_shared,16,10777264128,8944897832,0,12498048,8957395880,8920965729.656385,1.2031693443474332,1.2048504444002464,1.208082673400777,1.201217053411049,1.2036934151064604,7
qwen35_9b,fp8_e4m3_sat,kv_only,ans_lane_shared,64,10777264128,8942921564,0,3124512,8946046076,8930163538.850332,1.20469579928866,1.205116700495753,1.2068383833189535,1.2027400469972311,1.2052208170400258,7
qwen35_9b,fp8_e4m3_sat,kv_only,ans_lane_shared,256,10777264128,8942434032,0,810464,8943244496,8933416934.968374,1.2050731848850038,1.2051824021775461,1.2063988736285434,1.203108660231372,1.205600235332385,7
qwen35_9b,fp8_e4m3_sat,kv_only,zstd,64,10777264128,8993417951,0,3124512,8996542463,8930163538.850332,1.1979340032377503,1.1983501919647412,1.2068383833189535,1.196427607434457,1.1982888239511218,7
qwen35_9b,fp8_e4m3_sat,value,ans_lane,16,5388632064,4477623700,168394752,6249024,4652267476,4473464571.02352,1.1582807935697461,1.2034580002781385,1.2045768952557259,1.1575092569298455,1.161017976442545,7
qwen35_9b,fp8_e4m3_sat,value,ans_lane,64,5388632064,4481631992,42098688,1562256,4525292936,4478565623.639777,1.1907808268348532,1.2023816488321784,1.2032048912170683,1.1899546123646267,1.193719765988202,7
qwen35_9b,fp8_e4m3_sat,value,ans_lane,256,5388632064,4483227880,10919936,405232,4494553048,4480479848.126402,1.1989250113307373,1.2019536388143626,1.2026908381818433,1.198126383266387,1.201902102288811,7
qwen35_9b,fp8_e4m3_sat,value,ans_lane_shared,16,5388632064,4486676752,0,6249024,4492925776,4473464571.02352,1.1993592444336878,1.2010297068087066,1.2045768952557259,1.198558956725867,1.20174292366811,7
qwen35_9b,fp8_e4m3_sat,value,ans_lane_shared,64,5388632064,4485689356,0,1562256,4487251612,4478565623.639777,1.2008758433758182,1.2012940790900368,1.2032048912170683,1.20007305881213,1.2032657184712194,7
qwen35_9b,fp8_e4m3_sat,value,ans_lane_shared,256,5388632064,4485445528,0,405232,4485850760,4480479848.126402,1.201250855701673,1.2013593812168573,1.2026908381818433,1.2004494613982708,1.2036402318220245,7
qwen35_9b,fp8_e4m3_sat,value,zstd,64,5388632064,4513026451,0,1562256,4514588707,4478565623.639777,1.19360420488466,1.1940173899946858,1.2032048912170683,1.192770380013534,1.196713304874015,7
qwen35_9b,native,convolution,ans_lane,-1,391643136,264892504,6119424,161352,271173280,264587152.97266138,1.4442541536540767,1.4784983723057712,1.4802046569527385,1.4423151139554973,1.4460374281712605,7
qwen35_9b,native,convolution,ans_lane_shared,-1,391643136,265590968,0,161352,265752320,264587152.97266138,1.4737148334208334,1.474610145628145,1.4802046569527385,1.4702464675179103,1.476600662115043,7
qwen35_9b,native,convolution,zstd,-1,391643136,309476250,0,113544,309589794,264587152.97266138,1.2650389114571392,1.2655030426405904,1.4802046569527385,1.263773084304953,1.266190492181394,7
qwen35_9b,native,recurrent,ans_lane,-1,12532580352,10704287496,12238848,256968,10716783312,10700215604.215992,1.1694348935810601,1.170800051538526,1.1712455912628563,1.1688480583864234,1.1701796449886528,7
qwen35_9b,native,recurrent,ans_lane_shared,-1,12532580352,10709087172,0,256968,10709344140,10700215604.215992,1.1702472334594338,1.1702753139191646,1.1712455912628563,1.169651777424025,1.1710925758676702,7
qwen35_9b,native,recurrent,zstd,-1,12532580352,11761188193,0,113544,11761301737,10700215604.215992,1.0655776573245823,1.065587944546208,1.1712455912628563,1.0652919266054055,1.0658747745345245,7
qwen35_9b,native,state_snapshots,ans_lane,-1,12924223488,10969180000,18358272,418320,10987956592,10964802757.188654,1.1762171955984735,1.1782305959059838,1.1787009556124233,1.1756164045373,1.1769821496973858,7
qwen35_9b,native,state_snapshots,ans_lane_shared,-1,12924223488,10974678140,0,418320,10975096460,10964802757.188654,1.1775954348195314,1.1776403210308635,1.1787009556124233,1.176974845067573,1.1784812821037849,7
qwen35_9b,native,state_snapshots,zstd,-1,12924223488,12070664443,0,227088,12070891531,10964802757.188654,1.070693366335743,1.0707135095197675,1.1787009556124233,1.0704040967842745,1.0710083543646438,7
qwen3_4b_2507,bf16,key,ans_lane,16,34356068352,23371922644,1073627136,28308528,24473858308,23340733516.327152,1.4037863552053707,1.469971849355741,1.4719361038061411,1.4024242628388346,1.404108229545522,7
qwen3_4b_2507,bf16,key,ans_lane,64,34356068352,23385931784,268406784,7077132,23661415700,23361308446.38378,1.4519870149612393,1.4690912754438743,1.4706397302552698,1.450523125315724,1.4523319091437847,7
qwen3_4b_2507,bf16,key,ans_lane,256,34356068352,23390248248,69636096,1836108,23461720452,23367301017.645195,1.4643456528385712,1.468820167607141,1.4702625830025011,1.4626557420176658,1.4648075051840357,7
qwen3_4b_2507,bf16,key,ans_lane_shared,16,34356068352,23403612500,0,28308528,23431921028,23340733516.327152,1.466207926825384,1.4679814217570044,1.4719361038061411,1.464565810091182,1.4665786338628597,7
qwen3_4b_2507,bf16,key,ans_lane_shared,64,34356068352,23397116628,0,7077132,23404193760,23361308446.38378,1.4679449633816397,1.4683889856276182,1.4706397302552698,1.4662976404078636,1.4683171402261557,7
qwen3_4b_2507,bf16,key,ans_lane_shared,256,34356068352,23395515888,0,1836108,23397351996,23367301017.645195,1.4683742142219127,1.4684894539821571,1.4702625830025011,1.4667214940266795,1.4687503973770355,7
qwen3_4b_2507,bf16,key,ans_raw,64,34356068352,27102622124,134203392,4980204,27241805720,23361308446.38378,1.2611523885429134,1.267628947295727,1.4706397302552698,1.2600130311406283,1.2614249556998665,7
qwen3_4b_2507,bf16,key,zstd,64,34356068352,27128746931,0,4980204,27133727135,23361308446.38378,1.2661757885699325,1.2664082288570928,1.4706397302552698,1.2645107419157244,1.2664635933365118,7
qwen3_4b_2507,bf16,kv_only,ans_lane,16,68712136704,46412078176,2147254272,56617056,48615949504,46349566009.10229,1.4133661361143741,1.4804796381544387,1.4824763772438792,1.4128638763385393,1.413466357707554,7
qwen3_4b_2507,bf16,kv_only,ans_lane,64,68712136704,46442362176,536813568,14154264,46993330008,46392999001.64179,1.4621678585514721,1.4795142513123147,1.4810884871135053,1.4616163335458516,1.4622717239563572,7
qwen3_4b_2507,bf16,kv_only,ans_lane,256,68712136704,46452643424,139272192,3672216,46595587832,46406671858.401024,1.4746489936287752,1.4791867941039394,1.4806521121285927,1.4739776523831474,1.474844525416321,7
qwen3_4b_2507,bf16,kv_only,ans_lane_shared,16,68712136704,46480158916,0,56617056,46536775972,46349566009.10229,1.4765126132790625,1.478311139774245,1.4824763772438792,1.4756186147014836,1.4766802558166063,7
qwen3_4b_2507,bf16,kv_only,ans_lane_shared,64,68712136704,46467179280,0,14154264,46481333544,46392999001.64179,1.4782737814300433,1.4787240751145505,1.4810884871135053,1.477376844060048,1.4784417906575813,7
qwen3_4b_2507,bf16,kv_only,ans_lane_shared,256,68712136704,46463977504,0,3672216,46467649720,46406671858.401024,1.478709104463827,1.4788259721864039,1.4806521121285927,1.47780675290604,1.4788790675897658,7
qwen3_4b_2507,bf16,kv_only,ans_raw,64,68712136704,53943393956,268406784,9960408,54221761148,46392999001.64179,1.2672428052723714,1.2737822310558808,1.4810884871135053,1.266810307780312,1.2673251382230566,7
qwen3_4b_2507,bf16,kv_only,zstd,64,68712136704,53857617240,0,9960408,53867577648,46392999001.64179,1.2755750249807483,1.275810929358523,1.4810884871135053,1.274231985325224,1.2764452317930457,7
qwen3_4b_2507,bf16,value,ans_lane,16,34356068352,23040155532,1073627136,28308528,24142091196,23008832492.775135,1.423077564949813,1.4911387340369104,1.4931686934914208,1.4229111398303955,1.4237927461180313,7
qwen3_4b_2507,bf16,value,ans_lane,64,34356068352,23056430392,268406784,7077132,23331914308,23031690555.258007,1.4724924795484982,1.4900861828082759,1.4916867812882586,1.4723121069414182,1.473277444432599,7
qwen3_4b_2507,bf16,value,ans_lane,256,34356068352,23062395176,69636096,1836108,23133867380,23039370840.75583,1.4850983533216744,1.4897007916919582,1.4911895202982426,1.4849987698083524,1.4855775304207273,7
qwen3_4b_2507,bf16,value,ans_lane_shared,16,34356068352,23076546416,0,28308528,23104854944,23008832492.775135,1.4869631700900066,1.4887872618659872,1.4931686934914208,1.4868395148008422,1.4874449103434424,7
qwen3_4b_2507,bf16,value,ans_lane_shared,64,34356068352,23070062652,0,7077132,23077139784,23031690555.258007,1.4887489816142634,1.4892056805498788,1.4916867812882586,1.488624749194383,1.4892313471445142,7
qwen3_4b_2507,bf16,value,ans_lane_shared,256,34356068352,23068461616,0,1836108,23070297724,23039370840.75583,1.4891905064692523,1.4893090368961168,1.4911895202982426,1.4890608492482982,1.4896601162179588,7
qwen3_4b_2507,bf16,value,ans_raw,64,34356068352,26840771832,134203392,4980204,26979955428,23031690555.258007,1.2733923317139737,1.2799955443546576,1.4916867812882586,1.273266863126809,1.273928857336131,7
qwen3_4b_2507,bf16,value,zstd,64,34356068352,26728870309,0,4980204,26733850513,23031690555.258007,1.285114852246724,1.2853542987348707,1.4916867812882586,1.2841038557100672,1.287279768906199,7
qwen3_4b_2507,fp8_e4m3_sat,key,ans_lane,16,17178034176,14592117440,536813568,19920816,15148851824,14580585241.932692,1.133949580837883,1.17721326234063,1.1781443536708827,1.1332158227186364,1.1341101450272184,7
qwen3_4b_2507,fp8_e4m3_sat,key,ans_lane,64,17178034176,14603636800,134203392,4980204,14742820396,14595433178.06797,1.165179640977022,1.1762846756090237,1.176945827261421,1.1644075024046832,1.165346042562823,7
qwen3_4b_2507,fp8_e4m3_sat,key,ans_lane,256,17178034176,14608148656,34818048,1292076,14644258780,14600838144.518852,1.1730217578140885,1.1759213696764013,1.1765101431830218,1.1720429510844512,1.1732141260458655,7
qwen3_4b_2507,fp8_e4m3_sat,key,ans_lane_shared,16,17178034176,14621486132,0,19920816,14641406948,14580585241.932692,1.173250237289969,1.1748487137983081,1.1781443536708827,1.17243144892164,1.173448164933323,7
qwen3_4b_2507,fp8_e4m3_sat,key,ans_lane_shared,64,17178034176,14618352000,0,4980204,14623332204,14595433178.06797,1.1747003990855927,1.1751005979333375,1.176945827261421,1.1738791834863205,1.174898891903026,7
qwen3_4b_2507,fp8_e4m3_sat,key,ans_lane_shared,256,17178034176,14617579660,0,1292076,14618871736,14600838144.518852,1.1750588202848706,1.175162685995583,1.1765101431830218,1.1742264120609691,1.175258876208946,7
qwen3_4b_2507,fp8_e4m3_sat,key,zstd,64,17178034176,14617195452,0,4980204,14622175656,14595433178.06797,1.1747933125773413,1.1751935747462152,1.176945827261421,1.1732069707742605,1.1755562134435522,7
qwen3_4b_2507,fp8_e4m3_sat,kv_only,ans_lane,16,34356068352,28506667264,1073627136,39841632,29620136032,28479754463.377373,1.159888945644394,1.2051941405085607,1.2063330249626656,1.1597869229965807,1.1603405326665082,7
qwen3_4b_2507,fp8_e4m3_sat,kv_only,ans_lane,64,34356068352,28529600040,268406784,9960408,28807967232,28509409150.63279,1.1925891221452498,1.2042253765854054,1.2050782312069572,1.1924800820606891,1.1930425657022046,7
qwen3_4b_2507,fp8_e4m3_sat,kv_only,ans_lane,256,34356068352,28539478308,69636096,2584152,28611698556,28521148663.895092,1.2007699677373884,1.203808562343956,1.2045822121986036,1.200670356382889,1.2012020996162165,7
qwen3_4b_2507,fp8_e4m3_sat,kv_only,ans_lane_shared,16,34356068352,28563059484,0,39841632,28602901116,28479754463.377373,1.201139290475041,1.2028147184738749,1.2063330249626656,1.2009593301080548,1.201314493525537,7
qwen3_4b_2507,fp8_e4m3_sat,kv_only,ans_lane_shared,64,34356068352,28556778224,0,9960408,28566738632,28509409150.63279,1.2026598063775782,1.2030792858532653,1.2050782312069572,1.202479461787962,1.2028356953131103,7
qwen3_4b_2507,fp8_e4m3_sat,kv_only,ans_lane_shared,256,34356068352,28555229128,0,2584152,28557813280,28521148663.895092,1.203035681168933,1.2031445518436394,1.2045822121986036,1.2028439767880867,1.2031969377425682,7
qwen3_4b_2507,fp8_e4m3_sat,kv_only,zstd,64,34356068352,28525985332,0,9960408,28535945740,28509409150.63279,1.2039575861626937,1.2043779715984044,1.2050782312069572,1.2030561277231906,1.206103603684633,7
qwen3_4b_2507,fp8_e4m3_sat,value,ans_lane,16,17178034176,13914549824,536813568,19920816,14471284208,13899169221.444683,1.1870428311057326,1.2345375447483826,1.235903664623094,1.186737699502207,1.1884433116396915,7
qwen3_4b_2507,fp8_e4m3_sat,value,ans_lane,64,17178034176,13925963240,134203392,4980204,14065146836,13913975972.564816,1.2213192209293193,1.2335257446794754,1.2345884605429218,1.220992251779735,1.222759246317617,7
qwen3_4b_2507,fp8_e4m3_sat,value,ans_lane,256,17178034176,13931329652,34818048,1292076,13967439776,13920310519.376236,1.2298627702348648,1.2330505849119648,1.2340266513515779,1.2295797701021127,1.2313165031032172,7
qwen3_4b_2507,fp8_e4m3_sat,value,ans_lane_shared,16,17178034176,13941573352,0,19920816,13961494168,13899169221.444683,1.2303865166073964,1.2321445895872083,1.235903664623094,1.2301883826677482,1.2309941999475424,7
qwen3_4b_2507,fp8_e4m3_sat,value,ans_lane_shared,64,17178034176,13938426224,0,4980204,13943406428,13913975972.564816,1.2319826051619989,1.2324227929277878,1.2345884605429218,1.2317840250897831,1.2325922626348154,7
qwen3_4b_2507,fp8_e4m3_sat,value,ans_lane_shared,256,17178034176,13937649468,0,1292076,13938941544,13920310519.376236,1.2323772304931047,1.232491476804588,1.2340266513515779,1.2321821705218627,1.232971796400218,7
qwen3_4b_2507,fp8_e4m3_sat,value,zstd,64,17178034176,13908789880,0,4980204,13913770084,13913975972.564816,1.2346067293259149,1.2350487946259778,1.2345884605429218,1.2341491634833222,1.2382809255587837,7
