run_id,model,source_kind,session_id,turns_processed,turns_available,truncated_reason,final_context_tokens,rollbacks,R_dedup_kv,primary,R_codec_kv,unique_kv_bytes,state_snapshot_bytes,state_share_of_stored,R_codec_stored,bit_exact_units,rehydration
20261005_n1_qwen35_t1,qwen35_9b,AgentX-synth-session,006c98de37d819e95b0840e25426bb7ca99d,33,33,,120128,3,24.069915254237287,ans_lane_shared@64,1.4826760527806904,3959422976,1609039872,0.2889558421994162,1.3791334270466424,730224,skipped
20261005_n1b_qwen35_long_t0,qwen35_9b,AgentX-synth-session,002001296e8a8c38ad9d7cc436d691afc602,68,131,turn 68 needs 270144 tokens > max_context_tokens=262144,262080,13,41.61907055140862,ans_lane_shared@64,1.482313419719434,8709472256,3321888768,0.276102492591947,1.3832203741703228,1605488,ok
20261005_n1b_qwen35_long_t2,qwen35_9b,AgentX-synth-session,00ca01c4aaeccee751ae6285beb54dea262f,29,29,,169024,4,21.510486891385767,ans_lane_shared@64,1.4825492910302318,5599395840,1453326336,0.20606601248884923,1.407281102310102,1030048,ok
20261005_n2b_qwen3_4b_long_t0,qwen3_4b_2507,AgentX-synth-session,002001296e8a8c38ad9d7cc436d691afc602,20,131,turn 20 needs 134720 tokens > max_context_tokens=131072,119360,3,13.978712080894093,ans_lane_shared@64,1.4783646232856815,17732468736,0,0.0,1.478350992727902,3249000,ok
20261005_n2b_qwen3_4b_long_t1,qwen3_4b_2507,AgentX-synth-session,006c98de37d819e95b0840e25426bb7ca99d,33,33,,120128,3,24.069915254237287,ans_lane_shared@64,1.4784417906575813,17817403392,0,0.0,1.478428223659164,3265920,ok
20261005_n2b_qwen3_4b_long_t2,qwen3_4b_2507,AgentX-synth-session,00ca01c4aaeccee751ae6285beb54dea262f,13,29,turn 13 needs 133760 tokens > max_context_tokens=131072,129408,1,9.134842519685039,ans_lane_shared@64,1.478415346350244,19176357888,0,0.0,1.4784027412353977,3512736,ok
20261005_n3b_qwen3_4b_traj0,qwen3_4b_2507,trajectory:nebius/SWE-agent-trajectories,AnalogJ__lexicon-336#0,46,46,,29312,0,22.53056768558952,ans_lane_shared@64,1.4778213933041577,4322230272,0,0.0,1.4777655149908644,795600,ok
20261005_n3b_qwen3_4b_traj1,qwen3_4b_2507,trajectory:nebius/SWE-agent-trajectories,Azure__azure-functions-python-worker-890#17,15,15,,15360,0,8.320833333333333,ans_lane_shared@64,1.4776591322090746,2264924160,0,0.0,1.477552524836924,416448,ok
20261005_n3b_qwen3_4b_traj2,qwen3_4b_2507,trajectory:nebius/SWE-agent-trajectories,Melevir__cognitive_complexity-15#26,21,21,,19584,0,9.696078431372548,ans_lane_shared@64,1.477376844060048,2887778304,0,0.0,1.477293261076906,530352,ok
20261005_n3b_qwen3_4b_traj3,qwen3_4b_2507,trajectory:nebius/SWE-agent-trajectories,PyCQA__pyflakes-761#71,44,44,,30592,0,21.08786610878661,ans_lane_shared@64,1.4779683732442819,4510973952,0,0.0,1.4779148222007354,831312,ok
20261005_n3b_qwen35_traj0,qwen35_9b,trajectory:nebius/SWE-agent-trajectories,AnalogJ__lexicon-336#0,46,46,,31104,1,22.42505133470226,ans_lane_shared@64,1.4816691185973423,1021313024,2387607552,0.7003998769609351,1.2551188322135889,194864,ok
20261005_n3b_qwen35_traj1,qwen35_9b,trajectory:nebius/SWE-agent-trajectories,Azure__azure-functions-python-worker-890#17,15,15,,16256,0,8.271653543307087,ans_lane_shared@64,1.4818871223244685,532676608,778567680,0.5937624950019992,1.2852689964408543,99920,ok
20261005_n3b_qwen35_traj2,qwen35_9b,trajectory:nebius/SWE-agent-trajectories,Melevir__cognitive_complexity-15#26,21,21,,20480,0,9.68125,ans_lane_shared@64,1.4813725560746862,671088640,1089994752,0.6189342066091098,1.2778405056578153,126416,ok
20261005_n3b_qwen35_traj3,qwen35_9b,trajectory:nebius/SWE-agent-trajectories,PyCQA__pyflakes-761#71,44,44,,32320,1,21.057312252964426,ans_lane_shared@64,1.481925796303552,1061158912,2283798528,0.6827586206896552,1.2599537233939138,201824,ok
