codec,block_size,state_kind,raw_bytes,compressed_total_bytes,compression_ratio
ans_byte_lane,65536,convolution,1572864,1126820,1.3958431692728208
ans_byte_lane,65536,key,134217728,95525244,1.4050498316445024
ans_byte_lane,65536,recurrent,50331648,46214764,1.0890815757492562
ans_byte_lane,65536,value,134217728,95638112,1.4033916520643988
ans_byte_lane,262144,convolution,1572864,1126844,1.3958134400147668
ans_byte_lane,262144,key,134217728,91563820,1.4658380133113713
ans_byte_lane,262144,recurrent,50331648,43762408,1.1501114838104887
ans_byte_lane,262144,value,134217728,91674440,1.4640692432918052
ans_raw,65536,convolution,1572864,1273140,1.2354210848767615
ans_raw,65536,key,134217728,108069948,1.24195236958937
ans_raw,65536,recurrent,50331648,47985664,1.0488892682614541
ans_raw,65536,value,134217728,108190436,1.2405692495776615
ans_raw,262144,convolution,1572864,1273164,1.2353977963561646
ans_raw,262144,key,134217728,105832568,1.2682081757668395
ans_raw,262144,recurrent,50331648,47332968,1.0633528833433814
ans_raw,262144,value,134217728,105951048,1.2667899990946763
zstd,65536,convolution,1572864,1254659,1.2536187123353835
zstd,65536,key,134217728,106419684,1.2612114879048129
zstd,65536,recurrent,50331648,47494398,1.0597386243320739
zstd,65536,value,134217728,106648969,1.2585000048148614
zstd,262144,convolution,1572864,1254683,1.2535947326934374
zstd,262144,key,134217728,105754391,1.2691456754736548
zstd,262144,recurrent,50331648,47300525,1.0640822274171375
zstd,262144,value,134217728,105974794,1.266506146735232
