layer_idx,state_kind,raw_bytes,compressed_total_bytes,compression_ratio
0,convolution,65536,47676,1.3746119640909473
0,recurrent,2097152,1838023,1.1409824577820844
1,convolution,65536,47032,1.3934342575267902
1,recurrent,2097152,1825823,1.1486064092740644
2,convolution,65536,46956,1.3956895817360933
2,recurrent,2097152,1825919,1.1485460198398725
3,key,16777216,11413674,1.4699224807016567
3,value,16777216,11387642,1.4732827041805494
4,convolution,65536,46984,1.3948578239400646
4,recurrent,2097152,1823839,1.1498558809193136
5,convolution,65536,46940,1.3961653174265019
5,recurrent,2097152,1825263,1.1489588075800583
6,convolution,65536,47028,1.3935527770689802
6,recurrent,2097152,1823219,1.1502468984801058
7,key,16777216,11410758,1.470298116917386
7,value,16777216,11403122,1.4712826890740973
8,convolution,65536,46836,1.3992655222478436
8,recurrent,2097152,1828711,1.1467924674811931
9,convolution,65536,46944,1.3960463531015679
9,recurrent,2097152,1821871,1.1510979646747765
10,convolution,65536,46825,1.3995942338494394
10,recurrent,2097152,1820287,1.15209964143017
11,key,16777216,11426554,1.4682655855824949
11,value,16777216,11400358,1.4716393993942998
12,convolution,65536,47005,1.3942346558876715
12,recurrent,2097152,1823371,1.1501510115056124
13,convolution,65536,46813,1.399953004507295
13,recurrent,2097152,1823847,1.1498508372686964
14,convolution,65536,46841,1.3991161589206038
14,recurrent,2097152,1818631,1.1531487146100556
15,key,16777216,11446446,1.4657139866819797
15,value,16777216,11394202,1.4724344890497816
16,convolution,65536,47025,1.3936416799574693
16,recurrent,2097152,1817487,1.1538745531604904
17,convolution,65536,46993,1.3945906837188518
17,recurrent,2097152,1821403,1.1513937332924125
18,convolution,65536,46929,1.3964925738882141
18,recurrent,2097152,1817451,1.1538974090635732
19,key,16777216,11461346,1.4638085265029082
19,value,16777216,11420278,1.4690724691640606
20,convolution,65536,47069,1.3923389067114236
20,recurrent,2097152,1829675,1.146188257477421
21,convolution,65536,46821,1.399713803635121
21,recurrent,2097152,1825427,1.148855582830757
22,convolution,65536,46725,1.40258962011771
22,recurrent,2097152,1820487,1.1519730709420062
23,key,16777216,11506922,1.4580107521368442
23,value,16777216,11475946,1.4619462308379632
24,convolution,65536,46817,1.3998333938526604
24,recurrent,2097152,1820271,1.1521097682707684
25,convolution,65536,46897,1.397445465594814
25,recurrent,2097152,1819599,1.1525352563944034
26,convolution,65536,46721,1.4027097022752082
26,recurrent,2097152,1817303,1.1539913817343612
27,key,16777216,11475174,1.4620445842476986
27,value,16777216,11503910,1.4583924943779984
28,convolution,65536,47125,1.390684350132626
28,recurrent,2097152,1826047,1.1484655104715267
29,convolution,65536,46857,1.3986384104829588
29,recurrent,2097152,1823363,1.150156057789919
30,convolution,65536,46985,1.394828136639353
30,recurrent,2097152,1825091,1.1490670876137135
31,key,16777216,11422946,1.4687293453019912
31,value,16777216,11688982,1.4353017225965443
