run_id,model,source,incremental_turns,first_large_turn_tokens,median_new_tokens_per_turn,p90_new_tokens_per_turn,median_new_kv_MiB_per_turn,median_state_MiB_per_turn,turns_where_state_exceeds_new_kv,median_forward_seconds
20261005_n1_qwen35_t1,qwen35_9b,AgentX,31,64640,1536,3520,48.0,49.5,14,1.02229764778167
20261005_n1b_qwen35_long_t0,qwen35_9b,AgentX,66,63744,1952.0,6720,61.0,49.5,21,3.296778210438788
20261005_n1b_qwen35_long_t2,qwen35_9b,AgentX,27,64128,2112,10304,66.0,49.5,10,2.2772041028365493
20261005_n2b_qwen3_4b_long_t0,qwen3_4b_2507,AgentX,18,63744,1632.0,7936,229.5,0.0,0,2.270097369560972
20261005_n2b_qwen3_4b_long_t1,qwen3_4b_2507,AgentX,31,64640,1536,3520,216.0,0.0,0,2.0519769536331296
20261005_n2b_qwen3_4b_long_t2,qwen3_4b_2507,AgentX,11,64128,4416,10304,621.0,0.0,0,7.644346716348082
20261005_n3b_qwen3_4b_traj0,qwen3_4b_2507,SWE-agent trajectory,45,2240,576,1280,81.0,0.0,0,0.21695898985490203
20261005_n3b_qwen3_4b_traj1,qwen3_4b_2507,SWE-agent trajectory,14,1856,1248.0,1408,175.5,0.0,0,0.2606672190595418
20261005_n3b_qwen3_4b_traj2,qwen3_4b_2507,SWE-agent trajectory,20,2048,864.0,1280,121.5,0.0,0,0.2026655983645469
20261005_n3b_qwen3_4b_traj3,qwen3_4b_2507,SWE-agent trajectory,43,2176,192,1536,27.0,0.0,0,0.15959862899035215
20261005_n3b_qwen35_traj0,qwen35_9b,SWE-agent trajectory,45,2304,640,1344,20.0,49.5,45,0.24290403816848993
20261005_n3b_qwen35_traj1,qwen35_9b,SWE-agent trajectory,14,1920,1344.0,1472,42.0,49.5,14,0.38803786248899996
20261005_n3b_qwen35_traj2,qwen35_9b,SWE-agent trajectory,20,2112,928.0,1408,29.0,49.5,19,0.2846912578679621
20261005_n3b_qwen35_traj3,qwen35_9b,SWE-agent trajectory,43,2240,192,1664,6.0,49.5,36,0.10448457580059767
