run_id,model,source,session_id,turns_processed,turns_available,complete_session,final_context_tokens,rollbacks,snapshot_kv_GiB,unique_kv_GiB,state_snapshot_GiB,stored_compressed_GiB,R_dedup_kv,R_codec_kv,R_codec_stored,state_share_of_stored_raw,R_end_to_end_vs_snapshot_kv_only,bit_exact_units,rehydration,cuda_visible_devices,wall_seconds,gpu_peak_reserved_GiB
20261005_n1_qwen35_t1,qwen35_9b,AgentX,006c98de37d819e95b0840e25426bb7ca99d,33,33,True,120128,3,88.7578125,3.6875,1.49853515625,3.7603578120470047,24.069915254237287,1.4826760527806904,1.3791334270466424,0.2889558421994162,35.68788693991827,730224,skipped,,238.97961039468646,31.873046875
20261005_n1b_qwen35_long_t0,qwen35_9b,AgentX,002001296e8a8c38ad9d7cc436d691afc602,68,131,False,262080,13,337.5859375,8.111328125,3.09375,8.100717958062887,41.61907055140862,1.482313419719434,1.3832203741703228,0.276102492591947,61.692506794602906,1605488,ok,1,907.7946229879744,34.310546875
20261005_n1b_qwen35_long_t2,qwen35_9b,AgentX,00ca01c4aaeccee751ae6285beb54dea262f,29,29,True,169024,4,112.173828125,5.21484375,1.353515625,4.667411055415869,21.510486891385767,1.4825492910302318,1.407281102310102,0.20606601248884923,31.890357090539066,1030048,ok,1,346.1859364272095,28.03125
20261005_n2b_qwen3_4b_long_t0,qwen3_4b_2507,AgentX,002001296e8a8c38ad9d7cc436d691afc602,20,131,False,119360,3,230.853515625,16.5146484375,0.0,11.170992895960808,13.978712080894093,1.4783646232856815,1.478350992727902,0.0,20.66563341949,3249000,ok,1,815.028668646235,29.228515625
20261005_n2b_qwen3_4b_long_t1,qwen3_4b_2507,AgentX,006c98de37d819e95b0840e25426bb7ca99d,33,33,True,120128,3,399.41015625,16.59375,0.0,11.223913162946701,24.069915254237287,1.4784417906575813,1.478428223659164,0.0,35.58596860945081,3265920,ok,1,821.0645294431597,29.6953125
20261005_n2b_qwen3_4b_long_t2,qwen3_4b_2507,AgentX,00ca01c4aaeccee751ae6285beb54dea262f,13,29,False,129408,1,163.142578125,17.859375,0.0,12.080182552337646,9.134842519685039,1.478415346350244,1.4784027412353977,0.0,13.505091367595094,3512736,ok,1,882.107378942892,32.134765625
20261005_n3b_qwen3_4b_traj0,qwen3_4b_2507,SWE-agent trajectory,AnalogJ__lexicon-336#0,46,46,True,29312,0,90.6943359375,4.025390625,0.0,2.7239711470901966,22.53056768558952,1.4778213933041577,1.4777655149908644,0.0,33.29615492905154,795600,ok,1,225.53555925562978,12.998046875
20261005_n3b_qwen3_4b_traj1,qwen3_4b_2507,SWE-agent trajectory,Azure__azure-functions-python-worker-890#17,15,15,True,15360,0,17.5517578125,2.109375,0.0,1.4276142232120037,8.320833333333333,1.4776591322090746,1.477552524836924,0.0,12.295355362589675,416448,ok,1,140.1488592447713,10.146484375
20261005_n3b_qwen3_4b_traj2,qwen3_4b_2507,SWE-agent trajectory,Melevir__cognitive_complexity-15#26,21,21,True,19584,0,26.0771484375,2.689453125,0.0,1.8205275796353817,9.696078431372548,1.477376844060048,1.477293261076906,0.0,14.324761752699878,530352,ok,1,165.9220352792181,10.869140625
20261005_n3b_qwen3_4b_traj3,qwen3_4b_2507,SWE-agent trajectory,PyCQA__pyflakes-761#71,44,44,True,30592,0,88.59375,4.201171875,0.0,2.84263464435935,21.08786610878661,1.4779683732442819,1.4779148222007354,0.0,31.16719916799657,831312,ok,1,233.76930000074208,12.900390625
20261005_n3b_qwen35_traj0,qwen35_9b,SWE-agent trajectory,AnalogJ__lexicon-336#0,46,46,True,31104,1,21.330078125,0.951171875,2.2236328125,2.5294853411614895,22.42505133470226,1.4816691185973423,1.2551188322135889,0.7003998769609351,33.22650604558845,194864,ok,1,102.82018417818472,18.76171875
20261005_n3b_qwen35_traj1,qwen35_9b,SWE-agent trajectory,Azure__azure-functions-python-worker-890#17,15,15,True,16256,0,4.103515625,0.49609375,0.72509765625,0.9501446075737476,8.271653543307087,1.4818871223244685,1.2852689964408543,0.5937624950019992,12.257656866156331,99920,ok,1,76.01790139870718,17.841796875
20261005_n3b_qwen35_traj2,qwen35_9b,SWE-agent trajectory,Melevir__cognitive_complexity-15#26,21,21,True,20480,0,6.05078125,0.625,1.01513671875,1.2835222482681274,9.68125,1.4813725560746862,1.2778405056578153,0.6189342066091098,14.341538058498054,126416,ok,1,82.76458434807137,18.427734375
20261005_n3b_qwen35_traj3,qwen35_9b,SWE-agent trajectory,PyCQA__pyflakes-761#71,44,44,True,32320,1,20.810546875,0.98828125,2.126953125,2.472499042749405,21.057312252964426,1.481925796303552,1.2599537233939138,0.6827586206896552,31.20537422848685,201824,ok,1,104.42354991892353,18.70703125
