run_id,model,session,source,turn_idx,raw_bytes,compressed_total_bytes,ratio
20261005_n1_qwen35_t1,qwen35_9b,AgentX t1,AgentX,0,14680064,9904608,1.4821448764050027
20261005_n1_qwen35_t1,qwen35_9b,AgentX t1,AgentX,1,2118123520,1428337872,1.482928907453908
20261005_n1_qwen35_t1,qwen35_9b,AgentX t1,AgentX,2,10485760,7071508,1.4828180919826437
20261005_n1_qwen35_t1,qwen35_9b,AgentX t1,AgentX,3,14680064,9901404,1.4826244843660557
20261005_n1_qwen35_t1,qwen35_9b,AgentX t1,AgentX,4,10485760,7072452,1.4826201719007779
20261005_n1_qwen35_t1,qwen35_9b,AgentX t1,AgentX,6,52428800,35372436,1.4821936493149637
20261005_n1_qwen35_t1,qwen35_9b,AgentX t1,AgentX,7,44040192,29696880,1.4829905363795792
20261005_n1_qwen35_t1,qwen35_9b,AgentX t1,AgentX,8,62914560,42426524,1.4829063064416967
20261005_n1_qwen35_t1,qwen35_9b,AgentX t1,AgentX,9,16777216,11318280,1.4823114466155636
20261005_n1_qwen35_t1,qwen35_9b,AgentX t1,AgentX,10,4194304,2829724,1.482230775863653
20261005_n1_qwen35_t1,qwen35_9b,AgentX t1,AgentX,11,16777216,11309008,1.4835267602604931
20261005_n1_qwen35_t1,qwen35_9b,AgentX t1,AgentX,12,73400320,49509776,1.4825419529266302
20261005_n1_qwen35_t1,qwen35_9b,AgentX t1,AgentX,13,52428800,35360680,1.482686418926333
20261005_n1_qwen35_t1,qwen35_9b,AgentX t1,AgentX,14,119537664,80629308,1.4825584761312847
20261005_n1_qwen35_t1,qwen35_9b,AgentX t1,AgentX,15,115343360,77799728,1.482567651136261
20261005_n1_qwen35_t1,qwen35_9b,AgentX t1,AgentX,16,83886080,56593736,1.482250261760418
20261005_n1_qwen35_t1,qwen35_9b,AgentX t1,AgentX,17,385875968,260332600,1.4822422086208182
20261005_n1_qwen35_t1,qwen35_9b,AgentX t1,AgentX,18,52428800,35370292,1.4822834937297096
20261005_n1_qwen35_t1,qwen35_9b,AgentX t1,AgentX,19,117440512,79221992,1.4824231130163958
20261005_n1_qwen35_t1,qwen35_9b,AgentX t1,AgentX,20,8388608,5655780,1.4831920619260297
20261005_n1_qwen35_t1,qwen35_9b,AgentX t1,AgentX,21,81788928,55173556,1.4823936307458594
20261005_n1_qwen35_t1,qwen35_9b,AgentX t1,AgentX,22,54525952,36784100,1.4823239388757643
20261005_n1_qwen35_t1,qwen35_9b,AgentX t1,AgentX,23,94371840,63670472,1.4821916193742053
20261005_n1_qwen35_t1,qwen35_9b,AgentX t1,AgentX,24,44040192,29719584,1.481857619541377
20261005_n1_qwen35_t1,qwen35_9b,AgentX t1,AgentX,25,16777216,11316128,1.4825933393471689
20261005_n1_qwen35_t1,qwen35_9b,AgentX t1,AgentX,26,20971520,14144236,1.4826901926692966
20261005_n1_qwen35_t1,qwen35_9b,AgentX t1,AgentX,27,75497472,50937016,1.4821730428810356
20261005_n1_qwen35_t1,qwen35_9b,AgentX t1,AgentX,28,94371840,63675420,1.4820764433120346
20261005_n1_qwen35_t1,qwen35_9b,AgentX t1,AgentX,29,20971520,14148564,1.4822366425313551
20261005_n1_qwen35_t1,qwen35_9b,AgentX t1,AgentX,30,50331648,33946724,1.4826658383884113
20261005_n1_qwen35_t1,qwen35_9b,AgentX t1,AgentX,31,31457280,21226836,1.4819580270936281
20261005_n1b_qwen35_long_t0,qwen35_9b,AgentX t0,AgentX,0,20971520,14151376,1.4819421093750884
20261005_n1b_qwen35_long_t0,qwen35_9b,AgentX t0,AgentX,1,2088763392,1408483948,1.482987005259076
20261005_n1b_qwen35_long_t0,qwen35_9b,AgentX t0,AgentX,2,54525952,36776560,1.482627847737798
20261005_n1b_qwen35_long_t0,qwen35_9b,AgentX t0,AgentX,3,48234496,32530992,1.4827244124618149
20261005_n1b_qwen35_long_t0,qwen35_9b,AgentX t0,AgentX,4,35651584,24046588,1.4826046838744857
20261005_n1b_qwen35_long_t0,qwen35_9b,AgentX t0,AgentX,5,81788928,55157072,1.4828366523879295
20261005_n1b_qwen35_long_t0,qwen35_9b,AgentX t0,AgentX,6,52428800,35350120,1.483129335911731
20261005_n1b_qwen35_long_t0,qwen35_9b,AgentX t0,AgentX,7,220200960,148508132,1.4827535504924403
20261005_n1b_qwen35_long_t0,qwen35_9b,AgentX t0,AgentX,8,165675008,111741900,1.4826578749779626
20261005_n1b_qwen35_long_t0,qwen35_9b,AgentX t0,AgentX,9,31457280,21210992,1.4830650070491753
20261005_n1b_qwen35_long_t0,qwen35_9b,AgentX t0,AgentX,10,6291456,4243320,1.482673001329148
20261005_n1b_qwen35_long_t0,qwen35_9b,AgentX t0,AgentX,11,44040192,29705552,1.4825576040465431
20261005_n1b_qwen35_long_t0,qwen35_9b,AgentX t0,AgentX,12,41943040,28295436,1.4823252767690167
20261005_n1b_qwen35_long_t0,qwen35_9b,AgentX t0,AgentX,13,260046848,175401652,1.4825792404737441
20261005_n1b_qwen35_long_t0,qwen35_9b,AgentX t0,AgentX,14,52428800,35364472,1.4825274360097898
20261005_n1b_qwen35_long_t0,qwen35_9b,AgentX t0,AgentX,15,484442112,326794108,1.4824077305579817
20261005_n1b_qwen35_long_t0,qwen35_9b,AgentX t0,AgentX,16,73400320,49517640,1.4823065073375872
20261005_n1b_qwen35_long_t0,qwen35_9b,AgentX t0,AgentX,17,4194304,2827672,1.4833064089470065
20261005_n1b_qwen35_long_t0,qwen35_9b,AgentX t0,AgentX,18,83886080,56578596,1.4826469006053102
20261005_n1b_qwen35_long_t0,qwen35_9b,AgentX t0,AgentX,19,90177536,60836448,1.4822945613129814
20261005_n1b_qwen35_long_t0,qwen35_9b,AgentX t0,AgentX,20,503316480,339526144,1.482408612398343
20261005_n1b_qwen35_long_t0,qwen35_9b,AgentX t0,AgentX,21,75497472,50923060,1.4825792479870612
20261005_n1b_qwen35_long_t0,qwen35_9b,AgentX t0,AgentX,22,44040192,29711392,1.4822661960772487
20261005_n1b_qwen35_long_t0,qwen35_9b,AgentX t0,AgentX,23,385875968,260336868,1.4822179085291907
20261005_n1b_qwen35_long_t0,qwen35_9b,AgentX t0,AgentX,24,71303168,48111136,1.4820512240658794
20261005_n1b_qwen35_long_t0,qwen35_9b,AgentX t0,AgentX,25,159383552,107560660,1.481801543426751
20261005_n1b_qwen35_long_t0,qwen35_9b,AgentX t0,AgentX,26,60817408,41034800,1.482093442638931
20261005_n1b_qwen35_long_t0,qwen35_9b,AgentX t0,AgentX,28,79691776,53767784,1.482147302183776
20261005_n1b_qwen35_long_t0,qwen35_9b,AgentX t0,AgentX,29,73400320,49537776,1.4817039828352407
20261005_n1b_qwen35_long_t0,qwen35_9b,AgentX t0,AgentX,30,8388608,5662804,1.4813523477061894
20261005_n1b_qwen35_long_t0,qwen35_9b,AgentX t0,AgentX,31,65011712,43871676,1.4818606884314154
20261005_n1b_qwen35_long_t0,qwen35_9b,AgentX t0,AgentX,32,10485760,7075400,1.4820024309579671
20261005_n1b_qwen35_long_t0,qwen35_9b,AgentX t0,AgentX,33,220200960,148583632,1.4820001169442405
20261005_n1b_qwen35_long_t0,qwen35_9b,AgentX t0,AgentX,34,94371840,63689420,1.4817506581155866
20261005_n1b_qwen35_long_t0,qwen35_9b,AgentX t0,AgentX,35,146800640,99079080,1.481651222437673
20261005_n1b_qwen35_long_t0,qwen35_9b,AgentX t0,AgentX,36,90177536,60847516,1.4820249359069975
20261005_n1b_qwen35_long_t0,qwen35_9b,AgentX t0,AgentX,37,6291456,4246020,1.481730184973222
20261005_n1b_qwen35_long_t0,qwen35_9b,AgentX t0,AgentX,39,113246208,76423292,1.4818284457047466
20261005_n1b_qwen35_long_t0,qwen35_9b,AgentX t0,AgentX,40,60817408,41053172,1.4814301803524463
20261005_n1b_qwen35_long_t0,qwen35_9b,AgentX t0,AgentX,41,54525952,36793360,1.4819508737446105
20261005_n1b_qwen35_long_t0,qwen35_9b,AgentX t0,AgentX,43,104857600,70754216,1.4819979066689115
20261005_n1b_qwen35_long_t0,qwen35_9b,AgentX t0,AgentX,44,6291456,4246880,1.4814301322382548
20261005_n1b_qwen35_long_t0,qwen35_9b,AgentX t0,AgentX,45,20971520,14154648,1.4815995424259225
20261005_n1b_qwen35_long_t0,qwen35_9b,AgentX t0,AgentX,46,69206016,46698528,1.4819742498093302
20261005_n1b_qwen35_long_t0,qwen35_9b,AgentX t0,AgentX,47,41943040,28310068,1.4815591400204338
20261005_n1b_qwen35_long_t0,qwen35_9b,AgentX t0,AgentX,48,706740224,476943132,1.4818123515824104
20261005_n1b_qwen35_long_t0,qwen35_9b,AgentX t0,AgentX,49,71303168,48117616,1.481851636207413
20261005_n1b_qwen35_long_t0,qwen35_9b,AgentX t0,AgentX,50,94371840,63695836,1.4816014032691243
20261005_n1b_qwen35_long_t0,qwen35_9b,AgentX t0,AgentX,51,209715200,141517420,1.481903782587331
20261005_n1b_qwen35_long_t0,qwen35_9b,AgentX t0,AgentX,52,8388608,5662188,1.4815135067927805
20261005_n1b_qwen35_long_t0,qwen35_9b,AgentX t0,AgentX,53,96468992,65091196,1.4820589869020075
20261005_n1b_qwen35_long_t0,qwen35_9b,AgentX t0,AgentX,54,104857600,70750464,1.482076499173207
20261005_n1b_qwen35_long_t0,qwen35_9b,AgentX t0,AgentX,55,20971520,14145812,1.4825250045737919
20261005_n1b_qwen35_long_t0,qwen35_9b,AgentX t0,AgentX,56,8388608,5662716,1.4813753682861721
20261005_n1b_qwen35_long_t0,qwen35_9b,AgentX t0,AgentX,57,146800640,99080408,1.4816313634881277
20261005_n1b_qwen35_long_t0,qwen35_9b,AgentX t0,AgentX,58,73400320,49538780,1.4816739532140275
20261005_n1b_qwen35_long_t0,qwen35_9b,AgentX t0,AgentX,59,12582912,8498400,1.4806212934199379
20261005_n1b_qwen35_long_t0,qwen35_9b,AgentX t0,AgentX,60,14680064,9911228,1.4811549083524262
20261005_n1b_qwen35_long_t0,qwen35_9b,AgentX t0,AgentX,61,209715200,141545408,1.4816107633813171
20261005_n1b_qwen35_long_t0,qwen35_9b,AgentX t0,AgentX,62,207618048,140108148,1.481841355864614
20261005_n1b_qwen35_long_t0,qwen35_9b,AgentX t0,AgentX,63,62914560,42462720,1.4816422499547839
20261005_n1b_qwen35_long_t0,qwen35_9b,AgentX t0,AgentX,65,48234496,32564528,1.4811974550959253
20261005_n1b_qwen35_long_t0,qwen35_9b,AgentX t0,AgentX,66,41943040,28307584,1.4816891473323899
20261005_n1b_qwen35_long_t0,qwen35_9b,AgentX t0,AgentX,67,62914560,42468792,1.4814304113006087
20261005_n1b_qwen35_long_t2,qwen35_9b,AgentX t2,AgentX,0,20971520,14153072,1.4817645243378963
20261005_n1b_qwen35_long_t2,qwen35_9b,AgentX t2,AgentX,1,2101346304,1416975100,1.482980402407918
20261005_n1b_qwen35_long_t2,qwen35_9b,AgentX t2,AgentX,2,69206016,46690476,1.482229823486914
20261005_n1b_qwen35_long_t2,qwen35_9b,AgentX t2,AgentX,3,337641472,227686192,1.4829246737984005
20261005_n1b_qwen35_long_t2,qwen35_9b,AgentX t2,AgentX,4,243269632,164097592,1.4824692369647934
20261005_n1b_qwen35_long_t2,qwen35_9b,AgentX t2,AgentX,5,524288000,353668988,1.482425708187906
20261005_n1b_qwen35_long_t2,qwen35_9b,AgentX t2,AgentX,6,79691776,53753064,1.4825531805963656
20261005_n1b_qwen35_long_t2,qwen35_9b,AgentX t2,AgentX,7,65011712,43852912,1.4824947542822242
20261005_n1b_qwen35_long_t2,qwen35_9b,AgentX t2,AgentX,8,144703488,97622804,1.4822713758559936
20261005_n1b_qwen35_long_t2,qwen35_9b,AgentX t2,AgentX,9,75497472,50927076,1.4824623349669634
20261005_n1b_qwen35_long_t2,qwen35_9b,AgentX t2,AgentX,10,230686720,155631740,1.4822601096665757
20261005_n1b_qwen35_long_t2,qwen35_9b,AgentX t2,AgentX,11,134217728,90557456,1.4821278548284307
20261005_n1b_qwen35_long_t2,qwen35_9b,AgentX t2,AgentX,12,234881024,158460600,1.4822676677988094
20261005_n1b_qwen35_long_t2,qwen35_9b,AgentX t2,AgentX,13,142606336,96211640,1.4822150001808514
20261005_n1b_qwen35_long_t2,qwen35_9b,AgentX t2,AgentX,14,31457280,21220276,1.482416157075431
20261005_n1b_qwen35_long_t2,qwen35_9b,AgentX t2,AgentX,15,44040192,29715960,1.4820383389935914
20261005_n1b_qwen35_long_t2,qwen35_9b,AgentX t2,AgentX,16,62914560,42442260,1.482356500337164
20261005_n1b_qwen35_long_t2,qwen35_9b,AgentX t2,AgentX,18,708837376,478316120,1.4819433139740303
20261005_n1b_qwen35_long_t2,qwen35_9b,AgentX t2,AgentX,19,35651584,24046632,1.4826019710369418
20261005_n1b_qwen35_long_t2,qwen35_9b,AgentX t2,AgentX,20,16777216,11319444,1.482159017704403
20261005_n1b_qwen35_long_t2,qwen35_9b,AgentX t2,AgentX,21,44040192,29715972,1.4820377405120722
20261005_n1b_qwen35_long_t2,qwen35_9b,AgentX t2,AgentX,22,33554432,22647008,1.4816275951330966
20261005_n1b_qwen35_long_t2,qwen35_9b,AgentX t2,AgentX,23,71303168,48114084,1.4819604172449796
20261005_n1b_qwen35_long_t2,qwen35_9b,AgentX t2,AgentX,24,2097152,1413256,1.4839151576218321
20261005_n1b_qwen35_long_t2,qwen35_9b,AgentX t2,AgentX,25,44040192,29714560,1.4821081651553987
20261005_n1b_qwen35_long_t2,qwen35_9b,AgentX t2,AgentX,26,71303168,48102928,1.482304112547993
20261005_n1b_qwen35_long_t2,qwen35_9b,AgentX t2,AgentX,27,8388608,5660844,1.4818652483622583
20261005_n1b_qwen35_long_t2,qwen35_9b,AgentX t2,AgentX,28,20971520,14151876,1.481889750871192
20261005_n2b_qwen3_4b_long_t0,qwen3_4b_2507,AgentX t0,AgentX,0,94371840,63973688,1.475166477818193
20261005_n2b_qwen3_4b_long_t0,qwen3_4b_2507,AgentX t0,AgentX,1,9399435264,6357771472,1.4784166598934338
20261005_n2b_qwen3_4b_long_t0,qwen3_4b_2507,AgentX t0,AgentX,2,245366784,165984676,1.4782496186575682
20261005_n2b_qwen3_4b_long_t0,qwen3_4b_2507,AgentX t0,AgentX,3,217055232,146791308,1.478665426157249
20261005_n2b_qwen3_4b_long_t0,qwen3_4b_2507,AgentX t0,AgentX,4,160432128,108530036,1.478227907341706
20261005_n2b_qwen3_4b_long_t0,qwen3_4b_2507,AgentX t0,AgentX,5,368050176,248944044,1.4784453971511766
20261005_n2b_qwen3_4b_long_t0,qwen3_4b_2507,AgentX t0,AgentX,6,235929600,159591108,1.4783380036436617
20261005_n2b_qwen3_4b_long_t0,qwen3_4b_2507,AgentX t0,AgentX,7,990904320,670311688,1.4782739697655398
20261005_n2b_qwen3_4b_long_t0,qwen3_4b_2507,AgentX t0,AgentX,8,745537536,504315340,1.4783161979566197
20261005_n2b_qwen3_4b_long_t0,qwen3_4b_2507,AgentX t0,AgentX,9,141557760,95734332,1.4786519845357045
20261005_n2b_qwen3_4b_long_t0,qwen3_4b_2507,AgentX t0,AgentX,10,28311552,19148336,1.4785385006822525
20261005_n2b_qwen3_4b_long_t0,qwen3_4b_2507,AgentX t0,AgentX,11,198180864,134066520,1.4782278528599087
20261005_n2b_qwen3_4b_long_t0,qwen3_4b_2507,AgentX t0,AgentX,12,188743680,127642716,1.4786874325049617
20261005_n2b_qwen3_4b_long_t0,qwen3_4b_2507,AgentX t0,AgentX,13,1170210816,791610664,1.4782656035568515
20261005_n2b_qwen3_4b_long_t0,qwen3_4b_2507,AgentX t0,AgentX,14,235929600,159635636,1.4779256431189336
20261005_n2b_qwen3_4b_long_t0,qwen3_4b_2507,AgentX t0,AgentX,15,2179989504,1474544168,1.4784158733995956
20261005_n2b_qwen3_4b_long_t0,qwen3_4b_2507,AgentX t0,AgentX,16,330301440,223411460,1.4784444808695132
20261005_n2b_qwen3_4b_long_t0,qwen3_4b_2507,AgentX t0,AgentX,17,18874368,12775796,1.477353583291405
20261005_n2b_qwen3_4b_long_t0,qwen3_4b_2507,AgentX t0,AgentX,18,377487360,255343620,1.4783504674994425
20261005_n2b_qwen3_4b_long_t0,qwen3_4b_2507,AgentX t0,AgentX,19,405798912,274525088,1.4781851631716807
20261005_n2b_qwen3_4b_long_t1,qwen3_4b_2507,AgentX t1,AgentX,0,66060288,44795200,1.4747180055005893
20261005_n2b_qwen3_4b_long_t1,qwen3_4b_2507,AgentX t1,AgentX,1,9531555840,6446679672,1.478521708066031
20261005_n2b_qwen3_4b_long_t1,qwen3_4b_2507,AgentX t1,AgentX,2,47185920,31905544,1.4789254181028852
20261005_n2b_qwen3_4b_long_t1,qwen3_4b_2507,AgentX t1,AgentX,3,66060288,44705276,1.477684378908655
20261005_n2b_qwen3_4b_long_t1,qwen3_4b_2507,AgentX t1,AgentX,4,47185920,31911604,1.4786445707962532
20261005_n2b_qwen3_4b_long_t1,qwen3_4b_2507,AgentX t1,AgentX,6,235929600,159561632,1.478611098688186
20261005_n2b_qwen3_4b_long_t1,qwen3_4b_2507,AgentX t1,AgentX,7,198180864,134016672,1.4787776852121801
20261005_n2b_qwen3_4b_long_t1,qwen3_4b_2507,AgentX t1,AgentX,8,283115520,191498916,1.4784183948069973
20261005_n2b_qwen3_4b_long_t1,qwen3_4b_2507,AgentX t1,AgentX,9,75497472,51069132,1.478338656705581
20261005_n2b_qwen3_4b_long_t1,qwen3_4b_2507,AgentX t1,AgentX,10,18874368,12763772,1.4787453113389992
20261005_n2b_qwen3_4b_long_t1,qwen3_4b_2507,AgentX t1,AgentX,11,75497472,51068896,1.4783454884162759
20261005_n2b_qwen3_4b_long_t1,qwen3_4b_2507,AgentX t1,AgentX,12,330301440,223438420,1.4782660922861879
20261005_n2b_qwen3_4b_long_t1,qwen3_4b_2507,AgentX t1,AgentX,13,235929600,159603188,1.4782261116237854
20261005_n2b_qwen3_4b_long_t1,qwen3_4b_2507,AgentX t1,AgentX,14,537919488,363851340,1.4784045813875524
20261005_n2b_qwen3_4b_long_t1,qwen3_4b_2507,AgentX t1,AgentX,15,519045120,351117648,1.4782655413549592
20261005_n2b_qwen3_4b_long_t1,qwen3_4b_2507,AgentX t1,AgentX,16,377487360,255316332,1.4785084723839759
20261005_n2b_qwen3_4b_long_t1,qwen3_4b_2507,AgentX t1,AgentX,17,1736441856,1174570288,1.4783635119501677
20261005_n2b_qwen3_4b_long_t1,qwen3_4b_2507,AgentX t1,AgentX,18,235929600,159579292,1.478447466730207
20261005_n2b_qwen3_4b_long_t1,qwen3_4b_2507,AgentX t1,AgentX,19,528482304,357530084,1.4781477913338337
20261005_n2b_qwen3_4b_long_t1,qwen3_4b_2507,AgentX t1,AgentX,20,37748736,25536168,1.4782459137956798
20261005_n2b_qwen3_4b_long_t1,qwen3_4b_2507,AgentX t1,AgentX,21,368050176,248962896,1.4783334461212245
20261005_n2b_qwen3_4b_long_t1,qwen3_4b_2507,AgentX t1,AgentX,22,245366784,165967740,1.4784004650542328
20261005_n2b_qwen3_4b_long_t1,qwen3_4b_2507,AgentX t1,AgentX,23,424673280,287217852,1.4785755030296654
20261005_n2b_qwen3_4b_long_t1,qwen3_4b_2507,AgentX t1,AgentX,24,198180864,134033724,1.4785895525815578
20261005_n2b_qwen3_4b_long_t1,qwen3_4b_2507,AgentX t1,AgentX,25,75497472,51056600,1.4787015194901345
20261005_n2b_qwen3_4b_long_t1,qwen3_4b_2507,AgentX t1,AgentX,26,94371840,63824468,1.4786153799198138
20261005_n2b_qwen3_4b_long_t1,qwen3_4b_2507,AgentX t1,AgentX,27,339738624,229791552,1.478464378011599
20261005_n2b_qwen3_4b_long_t1,qwen3_4b_2507,AgentX t1,AgentX,28,424673280,287259320,1.4783620597584093
20261005_n2b_qwen3_4b_long_t1,qwen3_4b_2507,AgentX t1,AgentX,29,94371840,63847012,1.4780932896280252
20261005_n2b_qwen3_4b_long_t1,qwen3_4b_2507,AgentX t1,AgentX,30,226492416,153244896,1.4779768978406955
20261005_n2b_qwen3_4b_long_t1,qwen3_4b_2507,AgentX t1,AgentX,31,141557760,95749264,1.4784213902678145
20261005_n2b_qwen3_4b_long_t2,qwen3_4b_2507,AgentX t2,AgentX,0,94371840,63980508,1.475009232499373
20261005_n2b_qwen3_4b_long_t2,qwen3_4b_2507,AgentX t2,AgentX,1,9456058368,6395709400,1.4785003158523744
20261005_n2b_qwen3_4b_long_t2,qwen3_4b_2507,AgentX t2,AgentX,2,311427072,210641228,1.4784715934147517
20261005_n2b_qwen3_4b_long_t2,qwen3_4b_2507,AgentX t2,AgentX,3,1519386624,1027775100,1.4783259722871278
20261005_n2b_qwen3_4b_long_t2,qwen3_4b_2507,AgentX t2,AgentX,4,1094713344,740486832,1.4783697652573518
20261005_n2b_qwen3_4b_long_t2,qwen3_4b_2507,AgentX t2,AgentX,5,2359296000,1595882212,1.4783647453800932
20261005_n2b_qwen3_4b_long_t2,qwen3_4b_2507,AgentX t2,AgentX,6,358612992,242613292,1.478125905813932
20261005_n2b_qwen3_4b_long_t2,qwen3_4b_2507,AgentX t2,AgentX,7,292552704,197884576,1.4784007420568241
20261005_n2b_qwen3_4b_long_t2,qwen3_4b_2507,AgentX t2,AgentX,8,651165696,440476280,1.4783218201897275
20261005_n2b_qwen3_4b_long_t2,qwen3_4b_2507,AgentX t2,AgentX,9,339738624,229782808,1.4785206384978984
20261005_n2b_qwen3_4b_long_t2,qwen3_4b_2507,AgentX t2,AgentX,10,1038090240,702162432,1.4784189422426974
20261005_n2b_qwen3_4b_long_t2,qwen3_4b_2507,AgentX t2,AgentX,11,603979776,408601000,1.4781651929388326
20261005_n2b_qwen3_4b_long_t2,qwen3_4b_2507,AgentX t2,AgentX,12,1056964608,714890988,1.4784975971749137
20261005_n3b_qwen3_4b_traj0,qwen3_4b_2507,SWE lexicon-336,SWE-agent,0,330301440,223672088,1.4767217624400233
20261005_n3b_qwen3_4b_traj0,qwen3_4b_2507,SWE lexicon-336,SWE-agent,1,56623104,38331104,1.4772103615904202
20261005_n3b_qwen3_4b_traj0,qwen3_4b_2507,SWE lexicon-336,SWE-agent,2,18874368,12778020,1.4770964515629181
20261005_n3b_qwen3_4b_traj0,qwen3_4b_2507,SWE lexicon-336,SWE-agent,3,18874368,12773112,1.4776640179777645
20261005_n3b_qwen3_4b_traj0,qwen3_4b_2507,SWE lexicon-336,SWE-agent,4,18874368,12773544,1.4776140435262133
20261005_n3b_qwen3_4b_traj0,qwen3_4b_2507,SWE lexicon-336,SWE-agent,5,18874368,12775784,1.4773549709356388
20261005_n3b_qwen3_4b_traj0,qwen3_4b_2507,SWE lexicon-336,SWE-agent,6,188743680,127765096,1.4772710694006757
20261005_n3b_qwen3_4b_traj0,qwen3_4b_2507,SWE lexicon-336,SWE-agent,7,188743680,127783692,1.477056086311859
20261005_n3b_qwen3_4b_traj0,qwen3_4b_2507,SWE lexicon-336,SWE-agent,8,207618048,140528892,1.4774047176007052
20261005_n3b_qwen3_4b_traj0,qwen3_4b_2507,SWE lexicon-336,SWE-agent,9,18874368,12777344,1.4771745990403014
20261005_n3b_qwen3_4b_traj0,qwen3_4b_2507,SWE lexicon-336,SWE-agent,10,47185920,31930948,1.477748797185727
20261005_n3b_qwen3_4b_traj0,qwen3_4b_2507,SWE lexicon-336,SWE-agent,11,18874368,12772068,1.4777848035259442
20261005_n3b_qwen3_4b_traj0,qwen3_4b_2507,SWE lexicon-336,SWE-agent,12,28311552,19143148,1.4789392005954298
20261005_n3b_qwen3_4b_traj0,qwen3_4b_2507,SWE lexicon-336,SWE-agent,13,37748736,25533268,1.4784138089961691
20261005_n3b_qwen3_4b_traj0,qwen3_4b_2507,SWE lexicon-336,SWE-agent,14,18874368,12770812,1.477930142578248
20261005_n3b_qwen3_4b_traj0,qwen3_4b_2507,SWE lexicon-336,SWE-agent,15,188743680,127701568,1.4780059709212028
20261005_n3b_qwen3_4b_traj0,qwen3_4b_2507,SWE lexicon-336,SWE-agent,16,150994944,102142812,1.4782728323555454
20261005_n3b_qwen3_4b_traj0,qwen3_4b_2507,SWE lexicon-336,SWE-agent,17,28311552,19170712,1.476812754789702
20261005_n3b_qwen3_4b_traj0,qwen3_4b_2507,SWE lexicon-336,SWE-agent,18,56623104,38335684,1.4770338778877663
20261005_n3b_qwen3_4b_traj0,qwen3_4b_2507,SWE lexicon-336,SWE-agent,19,18874368,12773440,1.4776260741037652
20261005_n3b_qwen3_4b_traj0,qwen3_4b_2507,SWE lexicon-336,SWE-agent,20,18874368,12768112,1.4782426720567614
20261005_n3b_qwen3_4b_traj0,qwen3_4b_2507,SWE lexicon-336,SWE-agent,21,188743680,127709248,1.4779170886669069
20261005_n3b_qwen3_4b_traj0,qwen3_4b_2507,SWE lexicon-336,SWE-agent,22,141557760,95792020,1.477761508735279
20261005_n3b_qwen3_4b_traj0,qwen3_4b_2507,SWE lexicon-336,SWE-agent,23,37748736,25556816,1.4770516014201456
20261005_n3b_qwen3_4b_traj0,qwen3_4b_2507,SWE lexicon-336,SWE-agent,24,37748736,25550920,1.4773924383153327
20261005_n3b_qwen3_4b_traj0,qwen3_4b_2507,SWE lexicon-336,SWE-agent,25,28311552,19157064,1.477864875327451
20261005_n3b_qwen3_4b_traj0,qwen3_4b_2507,SWE lexicon-336,SWE-agent,26,66060288,44703452,1.4777446717090215
20261005_n3b_qwen3_4b_traj0,qwen3_4b_2507,SWE lexicon-336,SWE-agent,27,188743680,127699804,1.478026387573782
20261005_n3b_qwen3_4b_traj0,qwen3_4b_2507,SWE lexicon-336,SWE-agent,28,188743680,127713260,1.4778706611983752
20261005_n3b_qwen3_4b_traj0,qwen3_4b_2507,SWE lexicon-336,SWE-agent,29,47185920,31930164,1.4777850812166202
20261005_n3b_qwen3_4b_traj0,qwen3_4b_2507,SWE lexicon-336,SWE-agent,30,103809024,70245048,1.477812699337895
20261005_n3b_qwen3_4b_traj0,qwen3_4b_2507,SWE lexicon-336,SWE-agent,31,188743680,127724816,1.4777369497247896
20261005_n3b_qwen3_4b_traj0,qwen3_4b_2507,SWE lexicon-336,SWE-agent,32,37748736,25537800,1.4781514460916758
20261005_n3b_qwen3_4b_traj0,qwen3_4b_2507,SWE lexicon-336,SWE-agent,33,103809024,70220624,1.4783267092585222
20261005_n3b_qwen3_4b_traj0,qwen3_4b_2507,SWE lexicon-336,SWE-agent,34,103809024,70212948,1.478488326682993
20261005_n3b_qwen3_4b_traj0,qwen3_4b_2507,SWE lexicon-336,SWE-agent,35,94371840,63843640,1.478171357397542
20261005_n3b_qwen3_4b_traj0,qwen3_4b_2507,SWE lexicon-336,SWE-agent,36,84934656,57462056,1.4780998438343382
20261005_n3b_qwen3_4b_traj0,qwen3_4b_2507,SWE lexicon-336,SWE-agent,37,103809024,70225992,1.47821370754008
20261005_n3b_qwen3_4b_traj0,qwen3_4b_2507,SWE lexicon-336,SWE-agent,38,94371840,63846536,1.4781043093708326
20261005_n3b_qwen3_4b_traj0,qwen3_4b_2507,SWE lexicon-336,SWE-agent,39,103809024,70213676,1.4784729971978678
20261005_n3b_qwen3_4b_traj0,qwen3_4b_2507,SWE lexicon-336,SWE-agent,40,198180864,134042056,1.4784976440528486
20261005_n3b_qwen3_4b_traj0,qwen3_4b_2507,SWE lexicon-336,SWE-agent,41,37748736,25531652,1.478507383697694
20261005_n3b_qwen3_4b_traj0,qwen3_4b_2507,SWE lexicon-336,SWE-agent,42,122683392,82980736,1.478456300990148
20261005_n3b_qwen3_4b_traj0,qwen3_4b_2507,SWE lexicon-336,SWE-agent,43,113246208,76613948,1.4781408732519568
20261005_n3b_qwen3_4b_traj0,qwen3_4b_2507,SWE lexicon-336,SWE-agent,44,103809024,70223496,1.4782662486641223
20261005_n3b_qwen3_4b_traj0,qwen3_4b_2507,SWE lexicon-336,SWE-agent,45,122683392,82992136,1.4782532166662152
20261005_n3b_qwen3_4b_traj1,qwen3_4b_2507,SWE azure-function,SWE-agent,0,273678336,185355868,1.4765021412756136
20261005_n3b_qwen3_4b_traj1,qwen3_4b_2507,SWE azure-function,SWE-agent,1,28311552,19174172,1.4765462623366474
20261005_n3b_qwen3_4b_traj1,qwen3_4b_2507,SWE azure-function,SWE-agent,2,179306496,121392884,1.4770758391406205
20261005_n3b_qwen3_4b_traj1,qwen3_4b_2507,SWE azure-function,SWE-agent,3,217055232,146892308,1.477648727529014
20261005_n3b_qwen3_4b_traj1,qwen3_4b_2507,SWE azure-function,SWE-agent,4,94371840,63880132,1.4773269410276109
20261005_n3b_qwen3_4b_traj1,qwen3_4b_2507,SWE azure-function,SWE-agent,5,37748736,25551080,1.4773831869337812
20261005_n3b_qwen3_4b_traj1,qwen3_4b_2507,SWE azure-function,SWE-agent,6,179306496,121364196,1.4774249894919587
20261005_n3b_qwen3_4b_traj1,qwen3_4b_2507,SWE azure-function,SWE-agent,7,207618048,140463492,1.4780925993211105
20261005_n3b_qwen3_4b_traj1,qwen3_4b_2507,SWE azure-function,SWE-agent,8,207618048,140453728,1.478195352707192
20261005_n3b_qwen3_4b_traj1,qwen3_4b_2507,SWE azure-function,SWE-agent,9,188743680,127700232,1.4780214338216708
20261005_n3b_qwen3_4b_traj1,qwen3_4b_2507,SWE azure-function,SWE-agent,10,198180864,134086040,1.4780126551578374
20261005_n3b_qwen3_4b_traj1,qwen3_4b_2507,SWE azure-function,SWE-agent,11,198180864,134079176,1.478088319993852
20261005_n3b_qwen3_4b_traj1,qwen3_4b_2507,SWE azure-function,SWE-agent,12,37748736,25544572,1.477759580391482
20261005_n3b_qwen3_4b_traj1,qwen3_4b_2507,SWE azure-function,SWE-agent,13,18874368,12770856,1.477925050599584
20261005_n3b_qwen3_4b_traj1,qwen3_4b_2507,SWE azure-function,SWE-agent,14,198180864,134069772,1.4781919969253023
20261005_n3b_qwen3_4b_traj2,qwen3_4b_2507,SWE cognitive_comp,SWE-agent,0,301989888,204545800,1.4763925145370866
20261005_n3b_qwen3_4b_traj2,qwen3_4b_2507,SWE cognitive_comp,SWE-agent,1,18874368,12783572,1.4764549376340197
20261005_n3b_qwen3_4b_traj2,qwen3_4b_2507,SWE cognitive_comp,SWE-agent,2,18874368,12770060,1.4780171745473396
20261005_n3b_qwen3_4b_traj2,qwen3_4b_2507,SWE cognitive_comp,SWE-agent,3,150994944,102225152,1.477082117716
20261005_n3b_qwen3_4b_traj2,qwen3_4b_2507,SWE cognitive_comp,SWE-agent,4,28311552,19163160,1.4773947511788244
20261005_n3b_qwen3_4b_traj2,qwen3_4b_2507,SWE cognitive_comp,SWE-agent,5,188743680,127771712,1.4771945765272363
20261005_n3b_qwen3_4b_traj2,qwen3_4b_2507,SWE cognitive_comp,SWE-agent,6,28311552,19161160,1.4775489584137913
20261005_n3b_qwen3_4b_traj2,qwen3_4b_2507,SWE cognitive_comp,SWE-agent,7,28311552,19170624,1.4768195338868468
20261005_n3b_qwen3_4b_traj2,qwen3_4b_2507,SWE cognitive_comp,SWE-agent,8,28311552,19166748,1.4771181840550103
20261005_n3b_qwen3_4b_traj2,qwen3_4b_2507,SWE cognitive_comp,SWE-agent,9,66060288,44725292,1.4770230678426872
20261005_n3b_qwen3_4b_traj2,qwen3_4b_2507,SWE cognitive_comp,SWE-agent,10,28311552,19169700,1.4768907181646036
20261005_n3b_qwen3_4b_traj2,qwen3_4b_2507,SWE cognitive_comp,SWE-agent,11,160432128,108614828,1.477073903758334
20261005_n3b_qwen3_4b_traj2,qwen3_4b_2507,SWE cognitive_comp,SWE-agent,12,169869312,114986616,1.4772963837808741
20261005_n3b_qwen3_4b_traj2,qwen3_4b_2507,SWE cognitive_comp,SWE-agent,13,622854144,421530748,1.4776007372064826
20261005_n3b_qwen3_4b_traj2,qwen3_4b_2507,SWE cognitive_comp,SWE-agent,14,103809024,70226356,1.4782060456048722
20261005_n3b_qwen3_4b_traj2,qwen3_4b_2507,SWE cognitive_comp,SWE-agent,15,150994944,102202484,1.4774097271451836
20261005_n3b_qwen3_4b_traj2,qwen3_4b_2507,SWE cognitive_comp,SWE-agent,16,188743680,127767356,1.4772449388402464
20261005_n3b_qwen3_4b_traj2,qwen3_4b_2507,SWE cognitive_comp,SWE-agent,17,188743680,127703288,1.4779860640706448
20261005_n3b_qwen3_4b_traj2,qwen3_4b_2507,SWE cognitive_comp,SWE-agent,18,179306496,121345508,1.4776525225803991
20261005_n3b_qwen3_4b_traj2,qwen3_4b_2507,SWE cognitive_comp,SWE-agent,19,188743680,127719576,1.4777975774050487
20261005_n3b_qwen3_4b_traj2,qwen3_4b_2507,SWE cognitive_comp,SWE-agent,20,47185920,31916272,1.4784283076670108
20261005_n3b_qwen3_4b_traj3,qwen3_4b_2507,SWE pyflakes-761,SWE-agent,0,320864256,217294636,1.4766321981367272
20261005_n3b_qwen3_4b_traj3,qwen3_4b_2507,SWE pyflakes-761,SWE-agent,1,18874368,12776852,1.4772314808060703
20261005_n3b_qwen3_4b_traj3,qwen3_4b_2507,SWE pyflakes-761,SWE-agent,2,18874368,12769564,1.478074584222296
20261005_n3b_qwen3_4b_traj3,qwen3_4b_2507,SWE pyflakes-761,SWE-agent,3,9437184,6389220,1.477047902560876
20261005_n3b_qwen3_4b_traj3,qwen3_4b_2507,SWE pyflakes-761,SWE-agent,4,18874368,12776880,1.4772282435148487
20261005_n3b_qwen3_4b_traj3,qwen3_4b_2507,SWE pyflakes-761,SWE-agent,5,18874368,12776628,1.4772573796466486
20261005_n3b_qwen3_4b_traj3,qwen3_4b_2507,SWE pyflakes-761,SWE-agent,6,18874368,12770800,1.4779315313057912
20261005_n3b_qwen3_4b_traj3,qwen3_4b_2507,SWE pyflakes-761,SWE-agent,7,18874368,12774140,1.4775451028405826
20261005_n3b_qwen3_4b_traj3,qwen3_4b_2507,SWE pyflakes-761,SWE-agent,8,18874368,12774936,1.477453037729504
20261005_n3b_qwen3_4b_traj3,qwen3_4b_2507,SWE pyflakes-761,SWE-agent,9,150994944,102192112,1.477559677013036
20261005_n3b_qwen3_4b_traj3,qwen3_4b_2507,SWE pyflakes-761,SWE-agent,10,18874368,12772680,1.4777139958098064
20261005_n3b_qwen3_4b_traj3,qwen3_4b_2507,SWE pyflakes-761,SWE-agent,11,179306496,121321224,1.47794829369674
20261005_n3b_qwen3_4b_traj3,qwen3_4b_2507,SWE pyflakes-761,SWE-agent,12,18874368,12777484,1.4771584139725786
20261005_n3b_qwen3_4b_traj3,qwen3_4b_2507,SWE pyflakes-761,SWE-agent,13,37748736,25544236,1.4777790183272657
20261005_n3b_qwen3_4b_traj3,qwen3_4b_2507,SWE pyflakes-761,SWE-agent,14,169869312,114886616,1.478582257136027
20261005_n3b_qwen3_4b_traj3,qwen3_4b_2507,SWE pyflakes-761,SWE-agent,15,169869312,114906748,1.4783232051785158
20261005_n3b_qwen3_4b_traj3,qwen3_4b_2507,SWE pyflakes-761,SWE-agent,16,28311552,19150304,1.478386557205567
20261005_n3b_qwen3_4b_traj3,qwen3_4b_2507,SWE pyflakes-761,SWE-agent,17,28311552,19170340,1.4768414123067197
20261005_n3b_qwen3_4b_traj3,qwen3_4b_2507,SWE pyflakes-761,SWE-agent,18,179306496,121299404,1.4782141551165413
20261005_n3b_qwen3_4b_traj3,qwen3_4b_2507,SWE pyflakes-761,SWE-agent,19,188743680,127661712,1.4784674045417783
20261005_n3b_qwen3_4b_traj3,qwen3_4b_2507,SWE pyflakes-761,SWE-agent,20,188743680,127704708,1.4779696297492806
20261005_n3b_qwen3_4b_traj3,qwen3_4b_2507,SWE pyflakes-761,SWE-agent,21,198180864,134067908,1.4782125488226459
20261005_n3b_qwen3_4b_traj3,qwen3_4b_2507,SWE pyflakes-761,SWE-agent,22,47185920,31925356,1.4780076375655764
20261005_n3b_qwen3_4b_traj3,qwen3_4b_2507,SWE pyflakes-761,SWE-agent,23,217055232,146863528,1.4779382938424304
20261005_n3b_qwen3_4b_traj3,qwen3_4b_2507,SWE pyflakes-761,SWE-agent,24,207618048,140458880,1.4781411328354606
20261005_n3b_qwen3_4b_traj3,qwen3_4b_2507,SWE pyflakes-761,SWE-agent,25,245366784,166052760,1.4776435152297378
20261005_n3b_qwen3_4b_traj3,qwen3_4b_2507,SWE pyflakes-761,SWE-agent,26,18874368,12771396,1.4778625609917664
20261005_n3b_qwen3_4b_traj3,qwen3_4b_2507,SWE pyflakes-761,SWE-agent,27,226492416,153237588,1.4780473835179395
20261005_n3b_qwen3_4b_traj3,qwen3_4b_2507,SWE pyflakes-761,SWE-agent,28,18874368,12766808,1.4783936595584426
20261005_n3b_qwen3_4b_traj3,qwen3_4b_2507,SWE pyflakes-761,SWE-agent,29,103809024,70198640,1.4787896745577978
20261005_n3b_qwen3_4b_traj3,qwen3_4b_2507,SWE pyflakes-761,SWE-agent,30,103809024,70233100,1.4780641036776108
20261005_n3b_qwen3_4b_traj3,qwen3_4b_2507,SWE pyflakes-761,SWE-agent,31,217055232,146871688,1.4778561815126683
20261005_n3b_qwen3_4b_traj3,qwen3_4b_2507,SWE pyflakes-761,SWE-agent,32,9437184,6387696,1.4774003020807502
20261005_n3b_qwen3_4b_traj3,qwen3_4b_2507,SWE pyflakes-761,SWE-agent,33,28311552,19150820,1.4783467235345535
20261005_n3b_qwen3_4b_traj3,qwen3_4b_2507,SWE pyflakes-761,SWE-agent,34,235929600,159616928,1.4780988643009092
20261005_n3b_qwen3_4b_traj3,qwen3_4b_2507,SWE pyflakes-761,SWE-agent,35,18874368,12769144,1.4781232007407858
20261005_n3b_qwen3_4b_traj3,qwen3_4b_2507,SWE pyflakes-761,SWE-agent,36,226492416,153203328,1.4783779109550415
20261005_n3b_qwen3_4b_traj3,qwen3_4b_2507,SWE pyflakes-761,SWE-agent,37,18874368,12770096,1.4780130078896823
20261005_n3b_qwen3_4b_traj3,qwen3_4b_2507,SWE pyflakes-761,SWE-agent,38,18874368,12767180,1.4783505832924733
20261005_n3b_qwen3_4b_traj3,qwen3_4b_2507,SWE pyflakes-761,SWE-agent,39,245366784,166008520,1.478037295917101
20261005_n3b_qwen3_4b_traj3,qwen3_4b_2507,SWE pyflakes-761,SWE-agent,40,9437184,6385460,1.4779176441477984
20261005_n3b_qwen3_4b_traj3,qwen3_4b_2507,SWE pyflakes-761,SWE-agent,41,235929600,159599996,1.478255676146759
20261005_n3b_qwen3_4b_traj3,qwen3_4b_2507,SWE pyflakes-761,SWE-agent,42,9437184,6387396,1.4774696918744352
20261005_n3b_qwen3_4b_traj3,qwen3_4b_2507,SWE pyflakes-761,SWE-agent,43,28311552,19159676,1.477663400988618
20261005_n3b_qwen35_traj0,qwen35_9b,SWE lexicon-336,SWE-agent,0,75497472,50960280,1.4814964125000882
20261005_n3b_qwen35_traj0,qwen35_9b,SWE lexicon-336,SWE-agent,1,12582912,8492432,1.481661790167999
20261005_n3b_qwen35_traj0,qwen35_9b,SWE lexicon-336,SWE-agent,2,4194304,2831464,1.481319910830581
20261005_n3b_qwen35_traj0,qwen35_9b,SWE lexicon-336,SWE-agent,3,6291456,4245364,1.4819591441393483
20261005_n3b_qwen35_traj0,qwen35_9b,SWE lexicon-336,SWE-agent,4,4194304,2829928,1.4821239268278203
20261005_n3b_qwen35_traj0,qwen35_9b,SWE lexicon-336,SWE-agent,5,4194304,2829848,1.4821658265744309
20261005_n3b_qwen35_traj0,qwen35_9b,SWE lexicon-336,SWE-agent,6,44040192,29729760,1.4813504044432246
20261005_n3b_qwen35_traj0,qwen35_9b,SWE lexicon-336,SWE-agent,7,46137344,31144572,1.4813927768858086
20261005_n3b_qwen35_traj0,qwen35_9b,SWE lexicon-336,SWE-agent,8,48234496,32550808,1.481821772289032
20261005_n3b_qwen35_traj0,qwen35_9b,SWE lexicon-336,SWE-agent,9,6291456,4246328,1.4816227102569561
20261005_n3b_qwen35_traj0,qwen35_9b,SWE lexicon-336,SWE-agent,10,10485760,7076468,1.4817787630778518
20261005_n3b_qwen35_traj0,qwen35_9b,SWE lexicon-336,SWE-agent,11,4194304,2829848,1.4821658265744309
20261005_n3b_qwen35_traj0,qwen35_9b,SWE lexicon-336,SWE-agent,12,4194304,2829320,1.4824424243281071
20261005_n3b_qwen35_traj0,qwen35_9b,SWE lexicon-336,SWE-agent,13,10485760,7074288,1.4822353853843666
20261005_n3b_qwen35_traj0,qwen35_9b,SWE lexicon-336,SWE-agent,14,4194304,2832000,1.4810395480225989
20261005_n3b_qwen35_traj0,qwen35_9b,SWE lexicon-336,SWE-agent,15,44040192,29711948,1.4822384584141033
20261005_n3b_qwen35_traj0,qwen35_9b,SWE lexicon-336,SWE-agent,16,35651584,24049388,1.4824320685416195
20261005_n3b_qwen35_traj0,qwen35_9b,SWE lexicon-336,SWE-agent,17,8388608,5661652,1.4816537646609151
20261005_n3b_qwen35_traj0,qwen35_9b,SWE lexicon-336,SWE-agent,18,10485760,7079908,1.4810587934193495
20261005_n3b_qwen35_traj0,qwen35_9b,SWE lexicon-336,SWE-agent,19,6291456,4246204,1.4816659774236
20261005_n3b_qwen35_traj0,qwen35_9b,SWE lexicon-336,SWE-agent,20,4194304,2831564,1.4812675962824786
20261005_n3b_qwen35_traj0,qwen35_9b,SWE lexicon-336,SWE-agent,21,44040192,29716172,1.482027765891246
20261005_n3b_qwen35_traj0,qwen35_9b,SWE lexicon-336,SWE-agent,22,33554432,22641944,1.4819589696008435
20261005_n3b_qwen35_traj0,qwen35_9b,SWE lexicon-336,SWE-agent,23,8388608,5662136,1.4815271127362537
20261005_n3b_qwen35_traj0,qwen35_9b,SWE lexicon-336,SWE-agent,24,10485760,7080640,1.4809056808424097
20261005_n3b_qwen35_traj0,qwen35_9b,SWE lexicon-336,SWE-agent,25,4194304,2832176,1.4809475117365587
20261005_n3b_qwen35_traj0,qwen35_9b,SWE lexicon-336,SWE-agent,26,18874368,12738976,1.4816236407070709
20261005_n3b_qwen35_traj0,qwen35_9b,SWE lexicon-336,SWE-agent,27,44040192,29719312,1.4818711819439159
20261005_n3b_qwen35_traj0,qwen35_9b,SWE lexicon-336,SWE-agent,28,44040192,29720660,1.4818039707058996
20261005_n3b_qwen35_traj0,qwen35_9b,SWE lexicon-336,SWE-agent,29,10485760,7076076,1.4818608505618085
20261005_n3b_qwen35_traj0,qwen35_9b,SWE lexicon-336,SWE-agent,30,25165824,16983452,1.481784975162882
20261005_n3b_qwen35_traj0,qwen35_9b,SWE lexicon-336,SWE-agent,31,44040192,29719520,1.4818608106725815
20261005_n3b_qwen35_traj0,qwen35_9b,SWE lexicon-336,SWE-agent,32,10485760,7078072,1.4814429692153457
20261005_n3b_qwen35_traj0,qwen35_9b,SWE lexicon-336,SWE-agent,33,25165824,16982204,1.4818938696060888
20261005_n3b_qwen35_traj0,qwen35_9b,SWE lexicon-336,SWE-agent,34,23068672,15568864,1.4817183835635022
20261005_n3b_qwen35_traj0,qwen35_9b,SWE lexicon-336,SWE-agent,35,20971520,14155180,1.48154385885591
20261005_n3b_qwen35_traj0,qwen35_9b,SWE lexicon-336,SWE-agent,36,23068672,15571136,1.481502184554807
20261005_n3b_qwen35_traj0,qwen35_9b,SWE lexicon-336,SWE-agent,37,25165824,16986912,1.4814831559732575
20261005_n3b_qwen35_traj0,qwen35_9b,SWE lexicon-336,SWE-agent,38,23068672,15573312,1.4812951798564107
20261005_n3b_qwen35_traj0,qwen35_9b,SWE lexicon-336,SWE-agent,39,23068672,15573840,1.4812449594961807
20261005_n3b_qwen35_traj0,qwen35_9b,SWE lexicon-336,SWE-agent,40,48234496,32549992,1.4818589202725456
20261005_n3b_qwen35_traj0,qwen35_9b,SWE lexicon-336,SWE-agent,41,8388608,5661248,1.481759498965599
20261005_n3b_qwen35_traj0,qwen35_9b,SWE lexicon-336,SWE-agent,42,29360128,19819840,1.4813504044432246
20261005_n3b_qwen35_traj0,qwen35_9b,SWE lexicon-336,SWE-agent,43,25165824,16990344,1.4811839006908865
20261005_n3b_qwen35_traj0,qwen35_9b,SWE lexicon-336,SWE-agent,44,25165824,16994276,1.4808411961768775
20261005_n3b_qwen35_traj0,qwen35_9b,SWE lexicon-336,SWE-agent,45,29360128,19819332,1.4813883737353004
20261005_n3b_qwen35_traj1,qwen35_9b,SWE azure-function,SWE-agent,0,62914560,42459744,1.481746098139452
20261005_n3b_qwen35_traj1,qwen35_9b,SWE azure-function,SWE-agent,1,6291456,4247984,1.481045126346992
20261005_n3b_qwen35_traj1,qwen35_9b,SWE azure-function,SWE-agent,2,41943040,28315380,1.4812811977095133
20261005_n3b_qwen35_traj1,qwen35_9b,SWE azure-function,SWE-agent,3,50331648,33966352,1.4818090562095099
20261005_n3b_qwen35_traj1,qwen35_9b,SWE azure-function,SWE-agent,4,23068672,15564324,1.4821505900288376
20261005_n3b_qwen35_traj1,qwen35_9b,SWE azure-function,SWE-agent,5,8388608,5659668,1.4821731592736536
20261005_n3b_qwen35_traj1,qwen35_9b,SWE azure-function,SWE-agent,6,41943040,28306628,1.4817391884331825
20261005_n3b_qwen35_traj1,qwen35_9b,SWE azure-function,SWE-agent,7,48234496,32553720,1.4816892201567133
20261005_n3b_qwen35_traj1,qwen35_9b,SWE azure-function,SWE-agent,8,48234496,32543600,1.482149977261274
20261005_n3b_qwen35_traj1,qwen35_9b,SWE azure-function,SWE-agent,9,48234496,32547540,1.481970557529079
20261005_n3b_qwen35_traj1,qwen35_9b,SWE azure-function,SWE-agent,10,46137344,31123520,1.482394793390979
20261005_n3b_qwen35_traj1,qwen35_9b,SWE azure-function,SWE-agent,11,46137344,31135268,1.4818354542507872
20261005_n3b_qwen35_traj1,qwen35_9b,SWE azure-function,SWE-agent,12,8388608,5660256,1.4820191878247202
20261005_n3b_qwen35_traj1,qwen35_9b,SWE azure-function,SWE-agent,13,4194304,2830748,1.4816945909703019
20261005_n3b_qwen35_traj1,qwen35_9b,SWE azure-function,SWE-agent,14,48234496,32543556,1.482151981178701
20261005_n3b_qwen35_traj2,qwen35_9b,SWE cognitive_comp,SWE-agent,0,69206016,46712696,1.4815247657724573
20261005_n3b_qwen35_traj2,qwen35_9b,SWE cognitive_comp,SWE-agent,1,4194304,2831272,1.4814203651221076
20261005_n3b_qwen35_traj2,qwen35_9b,SWE cognitive_comp,SWE-agent,2,6291456,4245824,1.4817985860930647
20261005_n3b_qwen35_traj2,qwen35_9b,SWE cognitive_comp,SWE-agent,3,35651584,24072300,1.4810210906311403
20261005_n3b_qwen35_traj2,qwen35_9b,SWE cognitive_comp,SWE-agent,4,4194304,2829636,1.482276872360968
20261005_n3b_qwen35_traj2,qwen35_9b,SWE cognitive_comp,SWE-agent,5,44040192,29729672,1.4813547892489363
20261005_n3b_qwen35_traj2,qwen35_9b,SWE cognitive_comp,SWE-agent,6,6291456,4245848,1.4817902101064382
20261005_n3b_qwen35_traj2,qwen35_9b,SWE cognitive_comp,SWE-agent,7,6291456,4247084,1.4813589747695124
20261005_n3b_qwen35_traj2,qwen35_9b,SWE cognitive_comp,SWE-agent,8,6291456,4246904,1.4814217604165294
20261005_n3b_qwen35_traj2,qwen35_9b,SWE cognitive_comp,SWE-agent,9,16777216,11325252,1.481398912801234
20261005_n3b_qwen35_traj2,qwen35_9b,SWE cognitive_comp,SWE-agent,10,8388608,5664496,1.4809098638254843
20261005_n3b_qwen35_traj2,qwen35_9b,SWE cognitive_comp,SWE-agent,11,35651584,24058428,1.4818750418772166
20261005_n3b_qwen35_traj2,qwen35_9b,SWE cognitive_comp,SWE-agent,12,41943040,28312644,1.4814243417181383
20261005_n3b_qwen35_traj2,qwen35_9b,SWE cognitive_comp,SWE-agent,13,140509184,94873392,1.4810178179357179
20261005_n3b_qwen35_traj2,qwen35_9b,SWE cognitive_comp,SWE-agent,14,25165824,16976196,1.4824183226913732
20261005_n3b_qwen35_traj2,qwen35_9b,SWE cognitive_comp,SWE-agent,15,35651584,24067164,1.4813371446673151
20261005_n3b_qwen35_traj2,qwen35_9b,SWE cognitive_comp,SWE-agent,16,44040192,29729500,1.4813633596259608
20261005_n3b_qwen35_traj2,qwen35_9b,SWE cognitive_comp,SWE-agent,17,41943040,28311576,1.4814802256151336
20261005_n3b_qwen35_traj2,qwen35_9b,SWE cognitive_comp,SWE-agent,18,41943040,28314092,1.4813485807703104
20261005_n3b_qwen35_traj2,qwen35_9b,SWE cognitive_comp,SWE-agent,19,46137344,31145904,1.4813294229636103
20261005_n3b_qwen35_traj2,qwen35_9b,SWE cognitive_comp,SWE-agent,20,10485760,7078260,1.4814036217940567
20261005_n3b_qwen35_traj3,qwen35_9b,SWE pyflakes-761,SWE-agent,0,73400320,49545704,1.4814668896419354
20261005_n3b_qwen35_traj3,qwen35_9b,SWE pyflakes-761,SWE-agent,1,4194304,2830008,1.4820820294500934
20261005_n3b_qwen35_traj3,qwen35_9b,SWE pyflakes-761,SWE-agent,2,6291456,4246240,1.4816534157277967
20261005_n3b_qwen35_traj3,qwen35_9b,SWE pyflakes-761,SWE-agent,3,2097152,1414812,1.4822831584691112
20261005_n3b_qwen35_traj3,qwen35_9b,SWE pyflakes-761,SWE-agent,4,4194304,2830776,1.4816799351131986
20261005_n3b_qwen35_traj3,qwen35_9b,SWE pyflakes-761,SWE-agent,5,6291456,4245704,1.4818404674466237
20261005_n3b_qwen35_traj3,qwen35_9b,SWE pyflakes-761,SWE-agent,6,4194304,2830848,1.4816422499547839
20261005_n3b_qwen35_traj3,qwen35_9b,SWE pyflakes-761,SWE-agent,7,4194304,2830996,1.4815647920378552
20261005_n3b_qwen35_traj3,qwen35_9b,SWE pyflakes-761,SWE-agent,8,4194304,2830868,1.4816317821954255
20261005_n3b_qwen35_traj3,qwen35_9b,SWE pyflakes-761,SWE-agent,9,37748736,25475916,1.4817420500208902
20261005_n3b_qwen35_traj3,qwen35_9b,SWE pyflakes-761,SWE-agent,10,2097152,1415088,1.4819940526666893
20261005_n3b_qwen35_traj3,qwen35_9b,SWE pyflakes-761,SWE-agent,11,41943040,28292240,1.4824927259206058
20261005_n3b_qwen35_traj3,qwen35_9b,SWE pyflakes-761,SWE-agent,12,6291456,4245416,1.4819409923550484
20261005_n3b_qwen35_traj3,qwen35_9b,SWE pyflakes-761,SWE-agent,13,6291456,4243712,1.4825360439162696
20261005_n3b_qwen35_traj3,qwen35_9b,SWE pyflakes-761,SWE-agent,14,41943040,28295148,1.4823403645034832
20261005_n3b_qwen35_traj3,qwen35_9b,SWE pyflakes-761,SWE-agent,15,41943040,28297372,1.4822238616363386
20261005_n3b_qwen35_traj3,qwen35_9b,SWE pyflakes-761,SWE-agent,16,4194304,2828392,1.482928816090556
20261005_n3b_qwen35_traj3,qwen35_9b,SWE pyflakes-761,SWE-agent,17,6291456,4244868,1.4821323065876253
20261005_n3b_qwen35_traj3,qwen35_9b,SWE pyflakes-761,SWE-agent,18,44040192,29718096,1.481931816897018
20261005_n3b_qwen35_traj3,qwen35_9b,SWE pyflakes-761,SWE-agent,19,44040192,29706504,1.482510092739287
20261005_n3b_qwen35_traj3,qwen35_9b,SWE pyflakes-761,SWE-agent,20,44040192,29722104,1.4817319796741173
20261005_n3b_qwen35_traj3,qwen35_9b,SWE pyflakes-761,SWE-agent,21,46137344,31127924,1.4821850631606528
20261005_n3b_qwen35_traj3,qwen35_9b,SWE pyflakes-761,SWE-agent,22,12582912,8491296,1.481860012888492
20261005_n3b_qwen35_traj3,qwen35_9b,SWE pyflakes-761,SWE-agent,23,50331648,33959276,1.482117816646032
20261005_n3b_qwen35_traj3,qwen35_9b,SWE pyflakes-761,SWE-agent,24,50331648,33954252,1.4823371164235926
20261005_n3b_qwen35_traj3,qwen35_9b,SWE pyflakes-761,SWE-agent,25,56623104,38203100,1.4821599294298107
20261005_n3b_qwen35_traj3,qwen35_9b,SWE pyflakes-761,SWE-agent,26,4194304,2831540,1.4812801514370273
20261005_n3b_qwen35_traj3,qwen35_9b,SWE pyflakes-761,SWE-agent,27,54525952,36793304,1.4819531292976569
20261005_n3b_qwen35_traj3,qwen35_9b,SWE pyflakes-761,SWE-agent,28,2097152,1415536,1.4815250194979146
20261005_n3b_qwen35_traj3,qwen35_9b,SWE pyflakes-761,SWE-agent,29,25165824,16975804,1.4824525542354283
20261005_n3b_qwen35_traj3,qwen35_9b,SWE pyflakes-761,SWE-agent,30,23068672,15564424,1.4821410673469189
20261005_n3b_qwen35_traj3,qwen35_9b,SWE pyflakes-761,SWE-agent,31,52428800,35384328,1.4816955122052904
20261005_n3b_qwen35_traj3,qwen35_9b,SWE pyflakes-761,SWE-agent,32,4194304,2831512,1.481294799386335
20261005_n3b_qwen35_traj3,qwen35_9b,SWE pyflakes-761,SWE-agent,33,4194304,2831156,1.4814810628591288
20261005_n3b_qwen35_traj3,qwen35_9b,SWE pyflakes-761,SWE-agent,34,56623104,38216424,1.4816431804294405
20261005_n3b_qwen35_traj3,qwen35_9b,SWE pyflakes-761,SWE-agent,35,2097152,1416372,1.4806505635525131
20261005_n3b_qwen35_traj3,qwen35_9b,SWE pyflakes-761,SWE-agent,36,56623104,38219284,1.481532307093979
20261005_n3b_qwen35_traj3,qwen35_9b,SWE pyflakes-761,SWE-agent,37,2097152,1416544,1.4804707795875032
20261005_n3b_qwen35_traj3,qwen35_9b,SWE pyflakes-761,SWE-agent,38,6291456,4246912,1.4814189698303144
20261005_n3b_qwen35_traj3,qwen35_9b,SWE pyflakes-761,SWE-agent,39,56623104,38217440,1.4816037913580815
20261005_n3b_qwen35_traj3,qwen35_9b,SWE pyflakes-761,SWE-agent,40,2097152,1416144,1.4808889491464146
20261005_n3b_qwen35_traj3,qwen35_9b,SWE pyflakes-761,SWE-agent,41,54525952,36800192,1.4816757477787073
20261005_n3b_qwen35_traj3,qwen35_9b,SWE pyflakes-761,SWE-agent,42,4194304,2831620,1.4812383017495285
20261005_n3b_qwen35_traj3,qwen35_9b,SWE pyflakes-761,SWE-agent,43,4194304,2832312,1.4808764006225303
